序号,因子名称,最小分位数超额年化收益率,最大分位数超额年化收益率,最小分位数换手率,最大分位数换手率,IC均率,IR值,股票池,回测区间,组合构建
1,净资产增长率,-1.36%,12.30%,0.01%,0.01%,0.233,0.986,沪深300,近1年,纯多头组合
2,利润总额增长率,122.19%,0.37%,0.01%,0.01%,0.646,0.244,沪深300,近1年,纯多头组合
3,归属母公司股东的净利润增长率,74.77%,1.86%,0.01%,0.01%,0.713,0.624,沪深300,近1年,纯多头组合
4,当季净资产收益率ROE,-67.38%,-2.50%,0.02%,0.02%,0.611,0.075,沪深300,近1年,纯多头组合
5,当年净资产收益率ROE,96.92%,4.03%,0.01%,0.01%,0.961,0.481,沪深300,近1年,纯多头组合
6,扣非当季净资产收益ROE,-109.39%,-3.08%,0.02%,0.02%,0.442,0.357,沪深300,近1年,纯多头组合
7,筹资活动产生的现金流量净额增长率,-3.25%,-4.56%,0.02%,0.02%,0.314,0.990,沪深300,近1年,纯多头组合
8,10日乖离率,31.91%,1.73%,0.29%,0.29%,0.300,0.443,沪深300,近1年,纯多头组合
9,10日终极指标TRIX,2.95%,3.43%,0.06%,0.07%,0.660,0.278,沪深300,近1年,纯多头组合
10,10日顺势指标,2.99%,-11.51%,0.40%,0.32%,0.466,0.418,沪深300,近1年,纯多头组合
11,120日变动速率(Price Rate of Change),28.39%,2.21%,0.06%,0.07%,0.150,0.239,沪深300,近1年,纯多头组合
12,12日变动速率(Price Rate of Change),17.96%,3.33%,0.22%,0.21%,0.610,0.302,沪深300,近1年,纯多头组合
13,12日收盘价格与日期线性回归系数,21.73%,2.16%,0.26%,0.26%,0.303,0.132,沪深300,近1年,纯多头组合
14,15日顺势指标,-1.19%,-6.49%,0.31%,0.25%,0.596,0.315,沪深300,近1年,纯多头组合
15,20日乖离率,16.28%,-0.39%,0.20%,0.21%,0.534,0.243,沪深300,近1年,纯多头组合
16,20日顺势指标,-2.07%,-6.51%,0.26%,0.21%,0.638,0.322,沪深300,近1年,纯多头组合
17,24日收盘价格与日期线性回归系数,11.21%,1.64%,0.18%,0.19%,0.684,0.270,沪深300,近1年,纯多头组合
18,5日乖离率,27.43%,-0.62%,0.42%,0.43%,0.843,0.626,沪深300,近1年,纯多头组合
19,5日终极指标TRIX,22.59%,2.74%,0.13%,0.13%,0.054,0.489,沪深300,近1年,纯多头组合
20,60日乖离率,11.05%,1.47%,0.10%,0.12%,0.119,0.096,沪深300,近1年,纯多头组合
21,60日变动速率(Price Rate of Change),18.06%,-2.50%,0.09%,0.09%,0.526,0.813,沪深300,近1年,纯多头组合
22,6日变动速率(Price Rate of Change),19.71%,5.06%,0.31%,0.30%,0.822,0.487,沪深300,近1年,纯多头组合
23,6日收盘价格与日期线性回归系数,28.38%,0.17%,0.38%,0.39%,0.317,0.286,沪深300,近1年,纯多头组合
24,88日顺势指标,5.39%,-9.12%,0.11%,0.09%,0.922,0.361,沪深300,近1年,纯多头组合
25,Aroon指标上轨,-9.57%,0.10%,0.28%,0.15%,0.726,0.944,沪深300,近1年,纯多头组合
26,Aroon指标下轨,3.97%,4.30%,0.15%,0.27%,0.476,0.350,沪深300,近1年,纯多头组合
27,BBI动量,3.67%,14.93%,0.31%,0.29%,0.746,0.884,沪深300,近1年,纯多头组合
28,CR指标,1.89%,-0.62%,0.15%,0.14%,0.325,0.813,沪深300,近1年,纯多头组合
29,单日价量趋势12均值,-2.68%,7.13%,0.19%,0.16%,0.850,0.284,沪深300,近1年,纯多头组合
30,单日价量趋势6日均值,3.74%,2.56%,0.27%,0.25%,0.595,0.991,沪深300,近1年,纯多头组合
31,单日价量趋势,0.01%,11.39%,0.70%,0.72%,0.191,0.709,沪深300,近1年,纯多头组合
32,多头力道,9.20%,5.23%,0.27%,0.26%,0.474,0.784,沪深300,近1年,纯多头组合
33,当前股价除以过去一个月股价均值再减1,18.10%,2.64%,0.19%,0.20%,0.986,0.854,沪深300,近1年,纯多头组合
34,当前股价除以过去一年股价均值再减1,31.00%,-7.47%,0.03%,0.05%,0.352,0.057,沪深300,近1年,纯多头组合
35,当前股价除以过去三个月股价均值再减1,10.34%,1.55%,0.10%,0.12%,0.564,0.866,沪深300,近1年,纯多头组合
36,梅斯线,1.02%,10.93%,0.09%,0.09%,0.411,0.206,沪深300,近1年,纯多头组合
37,空头力道,21.08%,-8.89%,0.24%,0.26%,0.509,0.010,沪深300,近1年,纯多头组合
38,120日年化收益方差,-54.86%,34.95%,0.02%,0.02%,0.337,0.083,沪深300,近1年,纯多头组合
39,20日年化收益方差,-35.82%,34.97%,0.09%,0.08%,0.358,0.743,沪深300,近1年,纯多头组合
40,60日年化收益方差,-43.24%,34.77%,0.03%,0.03%,0.286,0.884,沪深300,近1年,纯多头组合
41,个股收益的120日偏度,-19.59%,11.81%,0.03%,0.04%,0.113,0.478,沪深300,近1年,纯多头组合
42,个股收益的120日峰度,-2.39%,-7.60%,0.05%,0.03%,0.486,0.360,沪深300,近1年,纯多头组合
43,个股收益的20日偏度,-28.84%,6.46%,0.15%,0.15%,0.299,0.320,沪深300,近1年,纯多头组合
44,个股收益的20日峰度,1.11%,3.98%,0.19%,0.15%,0.060,0.592,沪深300,近1年,纯多头组合
45,个股收益的60日偏度,-11.29%,10.57%,0.06%,0.06%,0.438,0.530,沪深300,近1年,纯多头组合
46,个股收益的60日峰度,-1.18%,3.56%,0.08%,0.06%,0.496,0.394,沪深300,近1年,纯多头组合
47,净债务,22.20%,-12.53%,0.00%,0.00%,0.374,0.242,沪深300,近1年,纯多头组合
48,净利润TTM,45.46%,-18.41%,0.01%,0.00%,0.794,0.437,沪深300,近1年,纯多头组合
49,净运营资本,-5.40%,-3.44%,0.00%,0.00%,0.698,0.736,沪深300,近1年,纯多头组合
50,利润总额TTM,65.17%,-17.83%,0.00%,0.00%,0.893,0.152,沪深300,近1年,纯多头组合
51,归属于母公司股东的净利润TTM,45.46%,-18.41%,0.01%,0.00%,0.028,0.060,沪深300,近1年,纯多头组合
52,息前净利润,-594.15%,-10.63%,0.01%,0.01%,0.161,0.549,沪深300,近1年,纯多头组合
53,流通市值,28.75%,-14.23%,0.01%,0.01%,0.297,0.365,沪深300,近1年,纯多头组合
54,现金流市值比,-7.88%,4.34%,0.01%,0.01%,0.996,0.973,沪深300,近1年,纯多头组合
55,留存收益,21.95%,-21.84%,0.00%,0.00%,0.548,0.462,沪深300,近1年,纯多头组合
56,筹资活动产生的现金流量净额TTM,-14.51%,2.12%,0.01%,0.01%,0.221,0.375,沪深300,近1年,纯多头组合
57,管理费用TTM,18.28%,-13.92%,0.00%,0.00%,0.641,0.285,沪深300,近1年,纯多头组合
58,经营活动产生的现金流量净额TTM,8.50%,-19.70%,0.01%,0.00%,0.117,0.784,沪深300,近1年,纯多头组合
59,股息率TTM,22.45%,-29.15%,0.02%,0.01%,0.831,0.434,沪深300,近1年,纯多头组合
60,营业利润TTM,52.84%,-16.76%,0.00%,0.00%,0.125,0.101,沪深300,近1年,纯多头组合
61,营业外支出TTM,18.92%,-15.43%,0.01%,0.00%,0.218,0.642,沪深300,近1年,纯多头组合
62,营业外收入TTM,22.09%,-11.18%,0.01%,0.00%,0.199,0.360,沪深300,近1年,纯多头组合
63,营业外收支净额TTM,-15.21%,-2.81%,0.01%,0.01%,0.369,0.485,沪深300,近1年,纯多头组合
64,营业总收入TTM,33.24%,-14.20%,0.00%,0.00%,0.083,0.806,沪深300,近1年,纯多头组合
65,营业成本TTM,41.18%,-12.98%,0.00%,0.00%,0.789,0.456,沪深300,近1年,纯多头组合
66,营业收入TTM,30.34%,-14.29%,0.00%,0.00%,0.912,0.039,沪深300,近1年,纯多头组合
67,财务费用TTM,-1.29%,0.57%,0.00%,0.00%,0.933,0.382,沪深300,近1年,纯多头组合
68,资产减值损失TTM,0.57%,-6.24%,0.01%,0.01%,0.358,0.622,沪深300,近1年,纯多头组合
69,10日指数移动均线,3.09%,17.17%,0.32%,0.30%,0.572,0.665,沪深300,近1年,纯多头组合
70,10日移动均线,1.45%,31.86%,0.29%,0.28%,0.122,0.907,沪深300,近1年,纯多头组合
71,120日指数移动均线,-12.27%,24.65%,0.09%,0.06%,0.694,0.271,沪深300,近1年,纯多头组合
72,120日移动均线,-63.44%,20.90%,0.08%,0.06%,0.361,0.992,沪深300,近1年,纯多头组合
73,12日指数移动均线,2.63%,18.31%,0.29%,0.28%,0.845,0.310,沪深300,近1年,纯多头组合
74,12日移动均线,1.87%,21.35%,0.27%,0.26%,0.084,0.841,沪深300,近1年,纯多头组合
75,20日指数移动均线,0.45%,10.99%,0.23%,0.21%,0.784,0.070,沪深300,近1年,纯多头组合
76,20日移动均线,-0.48%,16.14%,0.21%,0.19%,0.572,0.427,沪深300,近1年,纯多头组合
77,26日指数移动均线,1.22%,11.92%,0.20%,0.18%,0.088,0.514,沪深300,近1年,纯多头组合
78,26日移动均线,-15.43%,10.94%,0.18%,0.17%,0.173,0.072,沪深300,近1年,纯多头组合
79,5日指数移动均线,0.90%,27.93%,0.43%,0.41%,0.604,0.116,沪深300,近1年,纯多头组合
80,5日移动均线,-0.61%,28.34%,0.43%,0.42%,0.759,0.311,沪深300,近1年,纯多头组合
81,上轨线（布林线）指标,-17.51%,17.03%,0.25%,0.14%,0.797,0.393,沪深300,近1年,纯多头组合
82,下轨线（布林线）指标,8.05%,-8.17%,0.17%,0.30%,0.145,0.587,沪深300,近1年,纯多头组合
83,平滑异同移动平均线,21.24%,2.83%,0.13%,0.14%,0.143,0.771,沪深300,近1年,纯多头组合
84,资金流量指标,2.81%,-1.46%,0.19%,0.18%,0.132,0.139,沪深300,近1年,纯多头组合
85,市净率,8.97%,-9.86%,0.02%,0.01%,0.141,0.311,沪深300,近1年,纯多头组合
86,总市值,27.88%,-16.70%,0.02%,0.01%,0.556,0.435,沪深300,近1年,纯多头组合
87,每股净资产,-5.27%,15.78%,0.00%,0.00%,0.471,0.814,沪深300,近1年,纯多头组合
88,每股收益TTM,-2.99%,7.87%,0.00%,0.00%,0.092,0.654,沪深300,近1年,纯多头组合
89,每股未分配利润,-9.83%,6.84%,0.00%,0.00%,0.615,0.295,沪深300,近1年,纯多头组合
90,每股现金及现金等价物余额,-0.86%,1.29%,0.01%,0.00%,0.930,0.513,沪深300,近1年,纯多头组合
91,每股留存收益,-11.59%,6.37%,0.00%,0.00%,0.074,0.789,沪深300,近1年,纯多头组合
92,每股经营活动产生的现金流量净额,-2.50%,-1.13%,0.01%,0.00%,0.412,0.704,沪深300,近1年,纯多头组合
93,每股营业利润TTM,-2.17%,6.95%,0.00%,0.00%,0.218,0.971,沪深300,近1年,纯多头组合
94,每股营业总收入,-37.04%,-0.55%,0.01%,0.01%,0.660,0.079,沪深300,近1年,纯多头组合
95,每股营业收入TTM,-49.71%,-0.43%,0.00%,0.00%,0.306,0.462,沪深300,近1年,纯多头组合
96,每股营业收入,-34.76%,-0.53%,0.01%,0.01%,0.353,0.446,沪深300,近1年,纯多头组合
97,每股资本公积金,-8.61%,24.60%,0.00%,0.00%,0.403,0.202,沪深300,近1年,纯多头组合
98,人气指标,-4.36%,11.96%,0.15%,0.14%,0.507,0.371,沪深300,近1年,纯多头组合
99,ARBR,-3.24%,17.58%,0.12%,0.13%,0.182,0.657,沪深300,近1年,纯多头组合
100,14日均幅指标,-22.10%,17.95%,0.02%,0.02%,0.438,0.161,沪深300,近1年,纯多头组合
101,6日均幅指标,-24.95%,14.86%,0.04%,0.04%,0.337,0.775,沪深300,近1年,纯多头组合
102,意愿指标,-5.28%,5.72%,0.15%,0.15%,0.492,0.701,沪深300,近1年,纯多头组合
103,10日平均换手率与120日平均换手率之比,-10.21%,12.59%,0.09%,0.08%,0.566,0.897,沪深300,近1年,纯多头组合
104,20日平均换手率与120日平均换手率之比,-11.42%,17.91%,0.06%,0.05%,0.028,0.057,沪深300,近1年,纯多头组合
105,5日平均换手率与120日平均换手率,-3.36%,9.91%,0.15%,0.12%,0.689,0.824,沪深300,近1年,纯多头组合
106,因子WVAD的6日均值,-6.42%,14.28%,0.14%,0.13%,0.170,0.359,沪深300,近1年,纯多头组合
107,20日资金流量,-27.79%,20.93%,0.02%,0.02%,0.837,0.109,沪深300,近1年,纯多头组合
108,心理线指标,-7.66%,-2.08%,0.24%,0.22%,0.623,0.979,沪深300,近1年,纯多头组合
109,20日成交金额的移动平均值,-26.44%,20.69%,0.02%,0.02%,0.769,0.245,沪深300,近1年,纯多头组合
110,tvma6,-20.06%,13.88%,0.06%,0.05%,0.186,0.632,沪深300,近1年,纯多头组合
111,20日成交金额的标准差,-22.45%,22.70%,0.05%,0.04%,0.715,0.832,沪深300,近1年,纯多头组合
112,6日成交金额的标准差,-8.39%,13.42%,0.17%,0.13%,0.375,0.516,沪深300,近1年,纯多头组合
113,计算VMACD因子的中间变量dea,-8.26%,4.11%,0.07%,0.08%,0.847,0.891,沪深300,近1年,纯多头组合
114,计算VMACD因子的中间变量diff,-11.44%,7.15%,0.13%,0.16%,0.708,0.517,沪深300,近1年,纯多头组合
115,成交量的10日指数移动平均,10.01%,-2.16%,0.02%,0.02%,0.276,0.765,沪深300,近1年,纯多头组合
116,12日成交量的移动平均值,9.68%,-2.62%,0.02%,0.02%,0.778,0.830,沪深300,近1年,纯多头组合
117,成交量的26日指数移动平均,7.74%,-2.75%,0.01%,0.02%,0.339,0.922,沪深300,近1年,纯多头组合
118,成交量的5日指数移动平均,10.87%,-2.71%,0.04%,0.04%,0.547,0.480,沪深300,近1年,纯多头组合
119,成交量指数平滑异同移动平均线,-5.01%,3.36%,0.22%,0.26%,0.372,0.946,沪深300,近1年,纯多头组合
120,10日平均换手率,-4.05%,31.70%,0.01%,0.03%,0.892,0.551,沪深300,近1年,纯多头组合
121,120日平均换手率,3.87%,50.66%,0.00%,0.01%,0.767,0.969,沪深300,近1年,纯多头组合
122,20日平均换手率,-4.68%,30.22%,0.01%,0.02%,0.302,0.972,沪深300,近1年,纯多头组合
123,240日平均换手率,5.18%,42.40%,0.00%,0.00%,0.785,0.393,沪深300,近1年,纯多头组合
124,5日平均换手率,-3.53%,27.04%,0.02%,0.06%,0.996,0.120,沪深300,近1年,纯多头组合
125,60日平均换手率,-0.88%,40.02%,0.01%,0.01%,0.347,0.515,沪深300,近1年,纯多头组合
126,成交量震荡,-7.25%,6.34%,0.15%,0.16%,0.071,0.101,沪深300,近1年,纯多头组合
127,12日量变动速率指标,-5.26%,7.30%,0.57%,0.53%,0.951,0.935,沪深300,近1年,纯多头组合
128,6日量变动速率指标,11.90%,2.12%,0.61%,0.56%,0.771,0.097,沪深300,近1年,纯多头组合
129,10日成交量标准差,12.87%,3.26%,0.07%,0.07%,0.220,0.630,沪深300,近1年,纯多头组合
130,20日成交量标准差,10.35%,1.67%,0.03%,0.03%,0.620,0.400,沪深300,近1年,纯多头组合
131,威廉变异离散量,4.28%,-6.36%,0.29%,0.26%,0.201,0.776,沪深300,近1年,纯多头组合
132,产权比率,10.97%,-20.41%,0.00%,0.00%,0.278,0.019,沪深300,近1年,纯多头组合
133,债务总资产比,10.97%,-20.41%,0.00%,0.00%,0.250,0.397,沪深300,近1年,纯多头组合
134,净利润现金含量,5.15%,-35.25%,0.01%,0.01%,0.774,0.737,沪深300,近1年,纯多头组合
135,存货周转天数,-12.10%,23.14%,0.00%,0.00%,0.830,0.811,沪深300,近1年,纯多头组合
136,存货周转率,24.66%,-9.76%,0.00%,0.00%,0.044,0.212,沪深300,近1年,纯多头组合
137,应收账款周转天数,-4.60%,23.98%,0.01%,0.00%,0.794,0.749,沪深300,近1年,纯多头组合
138,应收账款周转率,24.06%,-17.85%,0.01%,0.00%,0.831,0.523,沪深300,近1年,纯多头组合
139,应收账款指数,16.27%,2.82%,0.01%,0.00%,0.848,0.925,沪深300,近1年,纯多头组合
140,总资产现金回收率,-1.76%,-1.28%,0.01%,0.00%,0.733,0.839,沪深300,近1年,纯多头组合
141,扣除非经常损益后的净利润与利润总额之比,3.43%,11.42%,0.01%,0.01%,0.470,0.232,沪深300,近1年,纯多头组合
142,有形净值债务率,13.90%,-3.19%,0.00%,0.00%,0.495,0.193,沪深300,近1年,纯多头组合
143,毛利率增长,12.18%,-6.18%,0.00%,0.00%,0.087,0.710,沪深300,近1年,纯多头组合
144,流动比率,-10.77%,43.96%,0.00%,0.00%,0.264,0.362,沪深300,近1年,纯多头组合
145,流动资产周转率TTM,28.44%,-17.69%,0.00%,0.00%,0.984,0.180,沪深300,近1年,纯多头组合
146,现金比率,11.25%,-5.92%,0.00%,0.00%,0.199,0.020,沪深300,近1年,纯多头组合
147,现金流动负债比,2.17%,3.55%,0.01%,0.00%,0.622,0.909,沪深300,近1年,纯多头组合
148,现金流资产比和资产回报率之差,11.43%,-30.98%,0.01%,0.01%,0.571,0.044,沪深300,近1年,纯多头组合
149,管理费用与营业总收入之比,-0.22%,15.92%,0.00%,0.00%,0.180,0.305,沪深300,近1年,纯多头组合
150,经营活动产生现金流量净额与净债务比率,35.23%,-6.64%,0.01%,0.01%,0.951,0.825,沪深300,近1年,纯多头组合
151,经营活动产生的现金流量净额与企业价值之比TTM,7.76%,-15.82%,0.01%,0.02%,0.926,0.740,沪深300,近1年,纯多头组合
152,经营活动产生的现金流量净额与经营活动净收益之比,5.17%,-34.43%,0.01%,0.01%,0.629,0.242,沪深300,近1年,纯多头组合
153,经营活动产生的现金流量净额与营业收入之比,-0.88%,-29.44%,0.01%,0.00%,0.044,0.014,沪深300,近1年,纯多头组合
154,经营活动产生的现金流量净额与负债合计比率,9.72%,8.34%,0.01%,0.01%,0.083,0.327,沪深300,近1年,纯多头组合
155,经营活动产生的现金流量净额增长率,-0.35%,0.07%,0.01%,0.01%,0.217,0.127,沪深300,近1年,纯多头组合
156,股东权益与固定资产比率,-6.44%,-14.01%,0.00%,0.00%,0.464,0.918,沪深300,近1年,纯多头组合
157,股东权益周转率,-90.93%,-2.75%,0.00%,0.00%,0.091,0.075,沪深300,近1年,纯多头组合
158,股东权益比率,-11.81%,14.99%,0.00%,0.00%,0.238,0.517,沪深300,近1年,纯多头组合
159,财务费用与营业总收入之比,16.49%,0.63%,0.00%,0.00%,0.647,0.134,沪深300,近1年,纯多头组合
160,销售净利率,2.91%,-40.76%,0.00%,0.00%,0.100,0.439,沪深300,近1年,纯多头组合
161,长期借款与资产总计之比,7.39%,-6.81%,0.01%,0.00%,0.038,0.296,沪深300,近1年,纯多头组合
162,长期负债与营运资金比率,-11.96%,-2.51%,0.00%,0.00%,0.170,0.658,沪深300,近1年,纯多头组合
163,长期负债与资产总计之比,20.15%,-4.62%,0.00%,0.00%,0.826,0.436,沪深300,近1年,纯多头组合
164,非流动资产比率,15.10%,-366.08%,0.00%,0.00%,0.835,0.153,沪深300,近1年,纯多头组合
165,加:期初现金及现金等价物余额,35.40%,0.68%,0.40%,0.13%,0.401,0.739,沪深300,近1年,纯多头组合
166,收到原保险合同保费取得的现金,-72.44%,0.61%,0.58%,0.44%,0.482,0.602,沪深300,近1年,纯多头组合
167,收取利息、手续费及佣金的现金,18.88%,0.31%,0.13%,0.27%,0.356,0.310,沪深300,近1年,纯多头组合
168,销售商品、提供劳务收到的现金,79.57%,0.32%,0.55%,0.15%,0.701,0.037,沪深300,近1年,纯多头组合
169,偿还债务支付的现金,33.02%,0.80%,0.56%,0.74%,0.607,0.207,沪深300,近1年,纯多头组合
170,分配股利、利润或偿付利息支付的现金,47.29%,0.59%,0.81%,0.94%,0.684,0.656,沪深300,近1年,纯多头组合
171,支付给职工以及为职工支付的现金,45.69%,0.53%,0.86%,0.88%,0.799,0.273,沪深300,近1年,纯多头组合
172,购买商品、接受劳务支付的现金,77.56%,0.11%,0.63%,0.78%,0.667,0.774,沪深300,近1年,纯多头组合
173,支付原保险合同赔付款项的现金,-4.35%,0.30%,0.48%,0.03%,0.152,0.618,沪深300,近1年,纯多头组合
174,支付利息、手续费及佣金的现金,8.03%,0.82%,0.96%,0.13%,0.253,0.794,沪深300,近1年,纯多头组合
175,投资支付的现金,38.92%,0.50%,0.25%,0.35%,0.516,0.216,沪深300,近1年,纯多头组合
176,支付保单红利的现金,-81.03%,0.29%,0.33%,0.15%,0.547,0.663,沪深300,近1年,纯多头组合
177,购建固定资产、无形资产和其他长期资产支付的现金,140.78%,0.43%,0.15%,0.89%,0.815,0.776,沪深300,近1年,纯多头组合
178,其中:子公司支付给少数股东的股利、利润,17.98%,0.42%,0.95%,0.30%,0.724,0.585,沪深300,近1年,纯多头组合
179,支付的各项税费,90.44%,0.40%,0.85%,0.12%,0.983,0.355,沪深300,近1年,纯多头组合
180,吸收投资收到的现金,32.11%,0.02%,0.49%,0.55%,0.988,0.967,沪深300,近1年,纯多头组合
181,取得投资收益收到的现金,37.34%,0.07%,0.15%,0.85%,0.916,0.789,沪深300,近1年,纯多头组合
182,其中:子公司吸收少数股东投资收到的现金,12.98%,0.62%,0.87%,0.73%,0.738,0.569,沪深300,近1年,纯多头组合
183,发行债券收到的现金,46.00%,0.24%,0.41%,0.66%,0.258,0.361,沪深300,近1年,纯多头组合
184,取得借款收到的现金,22.19%,0.80%,0.99%,0.52%,0.956,0.605,沪深300,近1年,纯多头组合
185,收回投资收到的现金,15.67%,0.01%,0.98%,0.01%,0.653,0.897,沪深300,近1年,纯多头组合
186,汇率变动对现金及现金等价物的影响,18.67%,0.32%,0.59%,0.54%,0.992,0.840,沪深300,近1年,纯多头组合
187,期末现金及现金等价物余额,40.08%,0.68%,0.13%,0.78%,0.306,0.212,沪深300,近1年,纯多头组合
188,影响现金及现金等价物的差错金额,0.81%,0.12%,0.85%,0.50%,0.993,0.821,沪深300,近1年,纯多头组合
189,筹资活动现金流入的调整项目,24.21%,0.48%,0.51%,0.55%,0.506,0.952,沪深300,近1年,纯多头组合
190,筹资活动现金流出的调整项目,17.56%,0.30%,0.32%,0.98%,0.308,0.678,沪深300,近1年,纯多头组合
191,筹资活动现金流出的差错金额,1.21%,0.40%,0.54%,0.35%,0.018,0.882,沪深300,近1年,纯多头组合
192,投资活动现金流出的调整项目,-15.31%,0.03%,0.84%,0.32%,0.567,0.629,沪深300,近1年,纯多头组合
193,投资活动现金流入的调整项目,7.65%,0.84%,0.17%,0.04%,0.220,0.725,沪深300,近1年,纯多头组合
194,收到再保险业务现金净额,-0.78%,0.98%,0.49%,0.08%,0.185,0.784,沪深300,近1年,纯多头组合
195,取得子公司及其他营业单位支付的现金净额,13.50%,0.74%,0.58%,0.75%,0.356,0.650,沪深300,近1年,纯多头组合
196,处置固定资产、无形资产和其他长期资产收回的现金净额,57.69%,0.98%,0.97%,0.06%,0.323,0.922,沪深300,近1年,纯多头组合
197,处置子公司及其他营业单位收到的现金净额,7.96%,0.75%,0.36%,0.22%,0.002,0.280,沪深300,近1年,纯多头组合
198,向中央银行借款净减少额,-0.56%,0.96%,0.93%,0.07%,0.091,0.967,沪深300,近1年,纯多头组合
199,客户存款和同业存放款项净减少额,-0.06%,0.06%,0.03%,0.52%,0.316,0.815,沪深300,近1年,纯多头组合
200,存放中央银行和同业款项净减少额,3.30%,0.03%,0.86%,0.47%,0.461,0.400,沪深300,近1年,纯多头组合
201,向其他金融机构拆出资金净减少额,-12.58%,0.76%,0.77%,0.59%,0.139,0.649,沪深300,近1年,纯多头组合
202,筹资活动产生的现金流量净额,-3.11%,0.37%,0.70%,0.21%,0.524,0.509,沪深300,近1年,纯多头组合
203,处置交易性金融资产净增加额,19.84%,0.84%,0.30%,0.79%,0.872,0.325,沪深300,近1年,纯多头组合
204,保户储金及投资款净增加额,-3.02%,0.76%,0.19%,0.45%,0.718,0.378,沪深300,近1年,纯多头组合
205,向中央银行借款净增加额,-16.82%,0.96%,0.79%,0.05%,0.921,0.868,沪深300,近1年,纯多头组合
206,向其他金融机构拆入资金净增加额,-68.35%,0.89%,0.10%,0.48%,0.077,0.140,沪深300,近1年,纯多头组合
207,现金及现金等价物净增加额,10.16%,0.20%,0.38%,0.19%,0.962,0.860,沪深300,近1年,纯多头组合
208,客户存款和同业存放款项净增加额,-4.09%,0.56%,0.81%,0.21%,0.004,0.907,沪深300,近1年,纯多头组合
209,存放中央银行和同业款项净增加额,1.36%,0.59%,0.56%,0.16%,0.612,0.427,沪深300,近1年,纯多头组合
210,拆入资金净增加额,-1.38%,0.21%,0.19%,0.75%,0.704,0.224,沪深300,近1年,纯多头组合
211,向其他金融机构拆出资金净增加额,-31.56%,0.17%,0.59%,0.18%,0.211,0.924,沪深300,近1年,纯多头组合
212,客户贷款及垫款净增加额,-2.26%,0.03%,0.19%,0.66%,0.538,0.799,沪深300,近1年,纯多头组合
213,质押贷款净增加额,-2.03%,0.51%,0.63%,0.14%,0.696,0.972,沪深300,近1年,纯多头组合
214,回购业务资金净增加额,-8.96%,0.92%,0.08%,0.93%,0.619,0.504,沪深300,近1年,纯多头组合
215,投资活动产生的现金流量净额,-10.37%,0.92%,0.23%,0.75%,0.779,0.316,沪深300,近1年,纯多头组合
216,经营活动产生的现金流量净额,16.13%,0.19%,0.36%,0.92%,0.503,0.641,沪深300,近1年,纯多头组合
217,经营活动现金流入的调整项目,9.22%,0.27%,0.69%,0.53%,0.892,0.450,沪深300,近1年,纯多头组合
218,经营活动现金流出的调整项目,3.07%,0.29%,0.42%,0.61%,0.227,0.848,沪深300,近1年,纯多头组合
219,经营活动现金流出的差错金额,0.73%,0.42%,0.22%,0.23%,0.649,0.315,沪深300,近1年,纯多头组合
220,收到其他与经营活动有关的现金,80.51%,0.36%,0.92%,1.00%,0.669,0.898,沪深300,近1年,纯多头组合
221,支付其他与筹资活动有关的现金,35.24%,0.33%,0.06%,0.35%,0.423,0.551,沪深300,近1年,纯多头组合
222,支付其他与投资活动有关的现金,43.27%,0.31%,0.93%,0.35%,0.995,0.752,沪深300,近1年,纯多头组合
223,支付其他与经营活动有关的现金,53.86%,0.84%,0.92%,0.87%,0.016,0.649,沪深300,近1年,纯多头组合
224,收到其他与筹资活动有关的现金,28.16%,0.85%,0.38%,0.62%,0.824,0.020,沪深300,近1年,纯多头组合
225,收到其他与投资活动有关的现金,11.00%,0.17%,0.07%,0.68%,0.045,0.981,沪深300,近1年,纯多头组合
226,seq,14.84%,0.92%,0.10%,0.49%,0.173,0.449,沪深300,近1年,纯多头组合
227,筹资活动现金流入小计,41.37%,0.22%,0.93%,0.53%,0.767,0.793,沪深300,近1年,纯多头组合
228,筹资活动现金流出小计,66.49%,0.31%,0.67%,0.73%,0.218,0.412,沪深300,近1年,纯多头组合
229,投资活动现金流入小计,39.85%,0.95%,0.21%,0.59%,0.969,0.760,沪深300,近1年,纯多头组合
230,投资活动现金流出小计,40.44%,0.54%,0.09%,0.26%,0.233,0.389,沪深300,近1年,纯多头组合
231,经营活动现金流入小计,76.08%,0.71%,0.85%,0.48%,0.721,0.704,沪深300,近1年,纯多头组合
232,经营活动现金流出小计,71.38%,0.70%,0.06%,0.07%,0.297,0.894,沪深300,近1年,纯多头组合
233,收到的税费返还,30.93%,0.95%,0.59%,0.03%,0.236,0.584,沪深300,近1年,纯多头组合
234,业务及管理费,7.21%,0.72%,0.76%,0.46%,0.420,0.210,沪深300,近1年,纯多头组合
235,以摊余成本计量的金融资产终止确认收益（损失以"-"号填列）,-2.12%,0.36%,0.06%,0.14%,0.414,0.056,沪深300,近1年,纯多头组合
236,保单红利支出,-55.76%,1.00%,0.88%,0.48%,0.524,0.220,沪深300,近1年,纯多头组合
237,保险业务收入,4.37%,0.17%,0.55%,0.04%,0.153,0.901,沪深300,近1年,纯多头组合
238,信用减值损失（损失以"-"号填列）,9.98%,0.04%,0.79%,0.00%,0.689,0.151,沪深300,近1年,纯多头组合
239,公允价值变动收益(损失以"-"号填列),26.75%,0.82%,0.67%,0.79%,0.903,0.847,沪深300,近1年,纯多头组合
240,其他业务支出,-1.14%,0.37%,0.18%,0.32%,0.254,0.046,沪深300,近1年,纯多头组合
241,其他业务收入,13.53%,0.20%,0.96%,0.41%,0.426,0.932,沪深300,近1年,纯多头组合
242,其他收益,35.92%,0.16%,0.05%,0.90%,0.839,0.381,沪深300,近1年,纯多头组合
243,其他综合收益,6.95%,0.54%,0.29%,0.51%,0.276,0.403,沪深300,近1年,纯多头组合
244,其他资产减值损失,-11.47%,0.95%,0.25%,0.99%,0.459,0.735,沪深300,近1年,纯多头组合
245,净利润(净亏损以"-"号填列),64.18%,0.05%,0.45%,0.61%,0.663,0.800,沪深300,近1年,纯多头组合
246,净敞口套期收益（损失以"-"号填列）,303.19%,0.70%,0.83%,0.51%,0.348,0.958,沪深300,近1年,纯多头组合
247,分保费用,10.26%,0.70%,0.48%,0.49%,0.338,0.732,沪深300,近1年,纯多头组合
248,利息支出,44.62%,0.69%,0.11%,0.47%,0.602,0.364,沪深300,近1年,纯多头组合
249,利息收入,38.82%,0.29%,0.14%,0.57%,0.551,0.767,沪深300,近1年,纯多头组合
250,利润总额(亏损总额以"－"号填列),67.34%,0.52%,0.81%,0.34%,0.763,0.608,沪深300,近1年,纯多头组合
251,基本每股收益,33.11%,0.69%,0.82%,0.28%,0.219,0.289,沪深300,近1年,纯多头组合
252,委托客户资产管理业务净收入,-62.74%,0.15%,0.47%,0.74%,0.834,0.195,沪深300,近1年,纯多头组合
253,少数股东损益,46.54%,0.45%,0.53%,0.47%,0.467,0.826,沪深300,近1年,纯多头组合
254,已赚保费,16.36%,0.03%,0.32%,0.89%,0.955,0.617,沪深300,近1年,纯多头组合
255,归属于少数股东的综合收益总额,41.52%,0.13%,0.71%,0.72%,0.702,0.944,沪深300,近1年,纯多头组合
256,归属于母公司所有者(或股东)的净利润,61.18%,0.04%,0.42%,0.67%,0.403,0.544,沪深300,近1年,纯多头组合
257,归属于母公司所有者(或股东)的综合收益总额,54.93%,0.32%,0.31%,0.88%,0.565,0.157,沪深300,近1年,纯多头组合
258,影响净利润的调整项目,-2.26%,0.89%,0.78%,0.97%,0.373,0.232,沪深300,近1年,纯多头组合
259,影响营业利润的差错金额,0.03%,0.31%,0.70%,0.47%,0.779,0.239,沪深300,近1年,纯多头组合
260,所得税费用,150.25%,0.18%,0.13%,0.03%,0.375,0.554,沪深300,近1年,纯多头组合
261,手续费及佣金支出,11.94%,0.66%,0.87%,0.24%,0.451,0.867,沪深300,近1年,纯多头组合
262,手续费及佣金收入,14.62%,0.28%,0.73%,0.06%,0.821,0.759,沪深300,近1年,纯多头组合
263,投资收益(损失以"-"号填列),25.76%,0.62%,0.85%,0.52%,0.059,0.941,沪深300,近1年,纯多头组合
264,持续经营净利润,62.43%,0.45%,0.37%,0.07%,0.414,0.838,沪深300,近1年,纯多头组合
265,提取保险合同准备金净额,119.82%,0.45%,0.61%,0.61%,0.011,0.855,沪深300,近1年,纯多头组合
266,汇兑收益(损失以"-"号填列),-75.69%,0.14%,0.31%,0.68%,0.860,0.133,沪深300,近1年,纯多头组合
267,研发费用,28.31%,0.66%,0.43%,0.96%,0.130,0.107,沪深300,近1年,纯多头组合
268,稀释每股收益,32.31%,0.12%,0.27%,0.80%,0.549,0.558,沪深300,近1年,纯多头组合
269,税金及附加,64.58%,0.48%,0.65%,0.41%,0.070,0.545,沪深300,近1年,纯多头组合
270,管理费用,50.40%,0.80%,0.83%,0.12%,0.002,0.226,沪深300,近1年,纯多头组合
271,终止经营净利润,-61.33%,0.88%,0.36%,0.76%,0.290,0.654,沪深300,近1年,纯多头组合
272,综合收益总额,59.02%,0.94%,0.36%,0.67%,0.239,0.976,沪深300,近1年,纯多头组合
273,营业利润(亏损以"－"号填列),66.24%,0.11%,0.81%,0.88%,0.156,0.787,沪深300,近1年,纯多头组合
274,营业外支出,315.84%,0.40%,0.62%,0.14%,0.325,0.367,沪深300,近1年,纯多头组合
275,营业外收入,86.79%,0.54%,0.27%,0.79%,0.381,0.545,沪深300,近1年,纯多头组合
276,营业总成本,121.41%,0.50%,0.08%,0.20%,0.516,0.827,沪深300,近1年,纯多头组合
277,营业总成本的差错金额,1.20%,0.66%,0.12%,0.36%,0.648,0.254,沪深300,近1年,纯多头组合
278,营业总成本的调整项目,-0.75%,0.04%,0.96%,0.74%,0.419,0.054,沪深300,近1年,纯多头组合
279,营业总收入,109.75%,0.53%,0.52%,0.52%,0.582,0.717,沪深300,近1年,纯多头组合
280,营业成本,82.32%,0.29%,0.30%,0.69%,0.213,0.118,沪深300,近1年,纯多头组合
281,营业收入,93.75%,0.20%,0.48%,0.48%,0.718,0.185,沪深300,近1年,纯多头组合
282,营业收入的调整项目,-266.14%,0.21%,0.61%,0.88%,0.334,0.353,沪深300,近1年,纯多头组合
283,被合并方在合并前实现的净利润,0.07%,0.01%,0.41%,0.45%,0.934,0.707,沪深300,近1年,纯多头组合
284,证券承销业务净收入,-240.73%,0.91%,0.82%,0.20%,0.659,0.325,沪深300,近1年,纯多头组合
285,财务费用,17.41%,0.07%,0.13%,0.12%,0.324,0.716,沪深300,近1年,纯多头组合
286,资产减值损失（损失以"-"号填列）,9.88%,0.59%,0.31%,0.99%,0.036,0.480,沪深300,近1年,纯多头组合
287,资产处置收益（损失以"-"号填列）,20.81%,0.29%,0.48%,0.83%,0.429,0.473,沪深300,近1年,纯多头组合
288,赔付支出净额,10.26%,0.54%,0.96%,0.12%,0.299,0.907,沪深300,近1年,纯多头组合
289,退保金,-55.76%,0.42%,0.12%,0.63%,0.196,0.209,沪深300,近1年,纯多头组合
290,销售费用,37.71%,0.77%,0.95%,0.22%,0.568,0.973,沪深300,近1年,纯多头组合
291,应付票据及应付账款,126.13%,0.42%,0.95%,0.53%,0.539,0.850,沪深300,近1年,纯多头组合
292,应收票据及应收账款,87.10%,0.17%,0.16%,0.13%,0.697,0.358,沪深300,近1年,纯多头组合
293,预收保费,10.45%,0.45%,0.06%,0.16%,0.921,0.709,沪深300,近1年,纯多头组合
294,预收款项,465.62%,0.66%,0.89%,0.26%,0.151,0.946,沪深300,近1年,纯多头组合
295,以摊余成本计量的金融资产,0.63%,0.98%,0.99%,0.48%,0.457,0.867,沪深300,近1年,纯多头组合
296,资产的调整项目,-19.84%,0.20%,0.18%,0.22%,0.645,0.640,沪深300,近1年,纯多头组合
297,可供出售金融资产,0.67%,0.67%,0.64%,0.67%,0.712,0.686,沪深300,近1年,纯多头组合
298,应付债券,21.73%,0.50%,0.96%,0.25%,0.483,0.900,沪深300,近1年,纯多头组合
299,应付债券：永续债,115.06%,0.79%,0.98%,0.69%,0.597,0.064,沪深300,近1年,纯多头组合
300,应付债券：优先股,-34.33%,0.50%,0.01%,0.84%,0.681,0.359,沪深300,近1年,纯多头组合
301,拆入资金,15.57%,0.63%,0.83%,0.66%,0.688,0.280,沪深300,近1年,纯多头组合
302,向中央银行借款,15.57%,0.17%,0.28%,0.11%,0.015,0.516,沪深300,近1年,纯多头组合
303,代理买卖证券款,13.64%,0.26%,0.64%,0.89%,0.512,0.153,沪深300,近1年,纯多头组合
304,买入返售金融资产,6.97%,0.64%,0.13%,0.42%,0.725,0.007,沪深300,近1年,纯多头组合
305,存出资本保证金,10.45%,0.94%,1.00%,0.79%,0.498,0.631,沪深300,近1年,纯多头组合
306,资本公积,28.72%,0.61%,0.85%,0.24%,0.840,0.273,沪深300,近1年,纯多头组合
307,货币资金,59.01%,0.08%,0.94%,0.14%,0.668,0.419,沪深300,近1年,纯多头组合
308,在建工程(合计)：在建工程,40.50%,0.42%,0.25%,0.12%,0.445,0.792,沪深300,近1年,纯多头组合
309,在建工程(合计)：工程物资,18.65%,0.70%,0.79%,0.85%,0.091,0.945,沪深300,近1年,纯多头组合
310,在建工程(合计),38.82%,0.80%,0.18%,0.32%,0.432,0.103,沪深300,近1年,纯多头组合
311,合同资产,20.72%,0.81%,0.62%,0.31%,0.760,0.347,沪深300,近1年,纯多头组合
312,合同负债,92.99%,0.26%,0.42%,0.84%,0.486,0.536,沪深300,近1年,纯多头组合
313,流动负债的调整项目,0.41%,0.37%,0.35%,0.29%,0.334,0.005,沪深300,近1年,纯多头组合
314,流动资产的调整项目,-0.11%,0.61%,0.29%,0.83%,0.939,0.278,沪深300,近1年,纯多头组合
315,债权投资,7.41%,0.81%,0.33%,0.67%,0.501,0.362,沪深300,近1年,纯多头组合
316,递延收益,51.15%,0.99%,0.81%,0.73%,0.775,0.715,沪深300,近1年,纯多头组合
317,递延所得税资产,51.07%,0.79%,0.59%,0.89%,0.463,0.588,沪深300,近1年,纯多头组合
318,递延所得税负债,54.11%,0.52%,0.38%,0.36%,0.496,0.774,沪深300,近1年,纯多头组合
319,存出保证金,-179.59%,0.64%,0.13%,0.95%,0.681,0.885,沪深300,近1年,纯多头组合
320,吸收存款,5.98%,0.09%,0.39%,0.68%,0.880,0.436,沪深300,近1年,纯多头组合
321,衍生金融资产,21.39%,0.49%,0.59%,0.07%,0.490,0.633,沪深300,近1年,纯多头组合
322,衍生金融负债,99.69%,0.49%,0.82%,0.78%,0.482,0.792,沪深300,近1年,纯多头组合
323,应付职工薪酬,39.49%,0.63%,0.99%,0.20%,0.251,0.575,沪深300,近1年,纯多头组合
324,发放委托贷款及垫款,30.27%,0.38%,0.87%,0.43%,0.923,0.228,沪深300,近1年,纯多头组合
325,预计负债,30.14%,0.73%,0.20%,0.01%,0.906,0.671,沪深300,近1年,纯多头组合
326,以公允价值计量且其变动计入其他综合收益的金融资产,1.29%,0.76%,0.04%,0.51%,0.824,0.240,沪深300,近1年,纯多头组合
327,应付手续费及佣金,-55.64%,0.55%,0.62%,0.23%,0.837,0.144,沪深300,近1年,纯多头组合
328,固定资产(合计)：固定资产清理,21.33%,0.95%,0.67%,0.52%,0.151,0.902,沪深300,近1年,纯多头组合
329,固定资产(合计)：固定资产,64.44%,0.04%,0.57%,0.03%,0.242,0.376,沪深300,近1年,纯多头组合
330,固定资产(合计),64.14%,0.93%,0.33%,0.51%,0.044,0.428,沪深300,近1年,纯多头组合
331,一般风险准备,-6.64%,0.56%,0.31%,0.63%,0.185,0.205,沪深300,近1年,纯多头组合
332,商誉,14.48%,0.64%,0.23%,0.68%,0.422,0.857,沪深300,近1年,纯多头组合
333,持有待售资产,30.27%,0.46%,0.70%,0.72%,0.787,0.473,沪深300,近1年,纯多头组合
334,持有待售负债,4.09%,0.78%,0.95%,0.56%,0.684,0.892,沪深300,近1年,纯多头组合
335,持有至到期投资,0.46%,0.02%,0.41%,0.72%,0.539,0.525,沪深300,近1年,纯多头组合
336,无形资产,51.39%,0.01%,0.79%,0.70%,0.092,0.623,沪深300,近1年,纯多头组合
337,存放同业款项,-90.96%,0.53%,0.34%,0.06%,0.580,0.693,沪深300,近1年,纯多头组合
338,同业及其他金融机构存放款项,-24.99%,0.28%,0.36%,0.90%,0.362,0.334,沪深300,近1年,纯多头组合
339,存货,55.00%,0.19%,0.14%,0.29%,0.024,0.293,沪深300,近1年,纯多头组合
340,投资性房地产,32.21%,0.14%,0.81%,0.61%,0.289,0.646,沪深300,近1年,纯多头组合
341,租赁负债,33.22%,0.44%,0.59%,0.28%,0.808,0.911,沪深300,近1年,纯多头组合
342,拆出资金,-1.51%,0.96%,0.05%,0.22%,0.914,0.421,沪深300,近1年,纯多头组合
343,负债的调整项目,-187.77%,0.27%,0.02%,0.06%,0.519,0.681,沪深300,近1年,纯多头组合
344,长期借款,42.45%,0.77%,0.86%,0.13%,0.643,0.282,沪深300,近1年,纯多头组合
345,长期待摊费用,53.82%,0.26%,0.26%,0.46%,0.748,0.442,沪深300,近1年,纯多头组合
346,长期应付职工薪酬,16.45%,0.12%,0.88%,0.88%,0.223,0.634,沪深300,近1年,纯多头组合
347,长期股权投资,110.32%,0.47%,0.13%,0.62%,0.591,0.566,沪深300,近1年,纯多头组合
348,长期应付款(合计),27.35%,0.54%,0.51%,0.12%,0.323,0.826,沪深300,近1年,纯多头组合
349,长期应付款(合计)：长期应付款,8.13%,0.29%,0.59%,0.38%,0.445,0.089,沪深300,近1年,纯多头组合
350,长期应付款(合计)：专项应付款,126.48%,0.67%,0.60%,0.83%,0.112,0.204,沪深300,近1年,纯多头组合
351,长期应收款,13.33%,0.32%,0.83%,0.13%,0.407,0.326,沪深300,近1年,纯多头组合
352,一年内到期的非流动资产,11.21%,0.18%,0.06%,0.18%,0.635,0.681,沪深300,近1年,纯多头组合
353,非流动负债的调整项目,31.33%,0.26%,0.29%,0.83%,0.011,0.372,沪深300,近1年,纯多头组合
354,一年内到期的非流动负债,58.47%,0.48%,0.96%,0.84%,0.780,0.961,沪深300,近1年,纯多头组合
355,非流动资产的调整项目,0.36%,0.99%,0.49%,0.41%,0.342,0.906,沪深300,近1年,纯多头组合
356,油气资产,-1.46%,0.03%,0.50%,0.05%,0.249,0.023,沪深300,近1年,纯多头组合
357,其他资产,87.36%,0.86%,1.00%,0.93%,0.107,0.420,沪深300,近1年,纯多头组合
358,其他流动资产,55.12%,0.87%,0.19%,0.70%,0.635,0.982,沪深300,近1年,纯多头组合
359,其他流动负债,75.30%,0.41%,0.88%,0.55%,0.850,0.912,沪深300,近1年,纯多头组合
360,其他债权投资,14.56%,0.71%,0.04%,0.78%,0.632,0.758,沪深300,近1年,纯多头组合
361,其他权益工具：永续债,8.37%,0.58%,0.52%,0.87%,0.881,0.568,沪深300,近1年,纯多头组合
362,其他权益工具：优先股,82.91%,0.52%,0.03%,0.81%,0.469,0.457,沪深300,近1年,纯多头组合
363,其他权益工具,54.04%,0.25%,0.28%,0.23%,0.412,0.562,沪深300,近1年,纯多头组合
364,其他权益工具投资,76.13%,0.62%,0.15%,0.43%,0.054,0.883,沪深300,近1年,纯多头组合
365,其他负债,21.65%,0.03%,0.32%,0.54%,0.187,0.909,沪深300,近1年,纯多头组合
366,其他非流动资产,75.27%,0.94%,0.32%,0.49%,0.930,0.071,沪深300,近1年,纯多头组合
367,其他非流动金融资产,28.37%,0.64%,0.21%,0.99%,0.409,0.412,沪深300,近1年,纯多头组合
368,其他非流动负债,3.57%,0.20%,0.11%,0.59%,0.964,0.682,沪深300,近1年,纯多头组合
369,其他应付款(合计),113.42%,0.49%,0.02%,0.63%,0.911,0.330,沪深300,近1年,纯多头组合
370,其他应付款(合计)：应付股利,34.79%,0.74%,0.69%,0.95%,0.903,0.220,沪深300,近1年,纯多头组合
371,其他应付款(合计)：应付利息,55.23%,0.50%,0.58%,0.14%,0.474,0.552,沪深300,近1年,纯多头组合
372,其他应付款(合计)：其他应付款,41.83%,0.23%,0.20%,0.64%,0.664,0.998,沪深300,近1年,纯多头组合
373,其他应收款(合计),76.43%,0.51%,0.33%,0.48%,0.019,0.190,沪深300,近1年,纯多头组合
374,其他应收款(合计)：应收股利,11.65%,0.93%,0.15%,0.36%,0.675,0.709,沪深300,近1年,纯多头组合
375,其他应收款(合计)：应收利息,29.38%,0.90%,0.04%,0.92%,0.584,0.177,沪深300,近1年,纯多头组合
376,其他应收款(合计)：其他应收款,67.91%,0.44%,0.92%,0.52%,0.419,0.980,沪深300,近1年,纯多头组合
377,实收资本(或股本),50.72%,0.98%,0.05%,0.24%,0.881,0.595,沪深300,近1年,纯多头组合
378,应付票据及应付账款：应付账款,157.21%,0.03%,0.78%,0.99%,0.215,0.625,沪深300,近1年,纯多头组合
379,应付票据及应付账款：应付票据,66.86%,0.43%,0.53%,0.75%,0.817,0.029,沪深300,近1年,纯多头组合
380,贵金属,-63.46%,0.93%,0.17%,0.88%,0.865,0.595,沪深300,近1年,纯多头组合
381,预付款项,102.19%,0.09%,0.39%,0.75%,0.570,0.599,沪深300,近1年,纯多头组合
382,生产性生物资产,51.87%,0.17%,0.15%,0.91%,0.030,0.665,沪深300,近1年,纯多头组合
383,研发支出,13.01%,0.76%,0.92%,0.99%,0.626,0.609,沪深300,近1年,纯多头组合
384,应收保费,11.64%,0.37%,0.95%,0.47%,0.682,0.993,沪深300,近1年,纯多头组合
385,应收票据及应收账款：应收账款,78.34%,0.67%,0.33%,0.95%,0.708,0.213,沪深300,近1年,纯多头组合
386,应收票据及应收账款：应收款项融资,45.46%,0.94%,0.44%,0.63%,0.628,0.277,沪深300,近1年,纯多头组合
387,应收票据及应收账款：应收票据,44.44%,0.63%,0.30%,0.66%,0.403,0.280,沪深300,近1年,纯多头组合
388,应收分保合同准备金,28.90%,0.61%,0.35%,0.28%,0.357,0.203,沪深300,近1年,纯多头组合
389,应付分保账款,146.38%,0.22%,0.57%,0.64%,0.666,0.209,沪深300,近1年,纯多头组合
390,应收分保账款,11.64%,0.51%,0.60%,0.74%,0.975,0.577,沪深300,近1年,纯多头组合
391,使用权资产,67.55%,0.03%,0.17%,0.99%,0.922,0.598,沪深300,近1年,纯多头组合
392,卖出回购金融资产款,11.17%,0.31%,0.65%,0.13%,0.840,0.875,沪深300,近1年,纯多头组合
393,结算备付金,16.62%,0.15%,0.83%,0.71%,0.017,0.474,沪深300,近1年,纯多头组合
394,短期借款,56.15%,0.60%,0.08%,0.57%,0.498,0.632,沪深300,近1年,纯多头组合
395,专项储备,11.40%,0.44%,0.74%,0.18%,0.230,0.488,沪深300,近1年,纯多头组合
396,盈余公积,68.90%,0.91%,0.09%,0.07%,0.182,0.933,沪深300,近1年,纯多头组合
397,应交税费,48.84%,0.90%,0.19%,0.83%,0.137,0.040,沪深300,近1年,纯多头组合
398,定期存款,-9.72%,0.04%,0.69%,0.63%,0.765,0.456,沪深300,近1年,纯多头组合
399,资产总计,63.19%,0.75%,0.33%,0.99%,0.276,0.598,沪深300,近1年,纯多头组合
400,流动资产合计,58.30%,0.56%,0.55%,0.90%,0.759,0.379,沪深300,近1年,纯多头组合
401,流动负债合计,71.03%,0.83%,0.68%,0.92%,0.694,0.350,沪深300,近1年,纯多头组合
402,负债和所有者权益(或股东权益)总计,63.19%,0.58%,0.53%,0.87%,0.872,0.946,沪深300,近1年,纯多头组合
403,负债合计,55.60%,0.54%,0.43%,0.31%,0.034,0.412,沪深300,近1年,纯多头组合
404,非流动资产合计,58.27%,0.36%,0.69%,0.65%,0.549,0.598,沪深300,近1年,纯多头组合
405,非流动负债合计,70.71%,0.73%,0.64%,0.34%,0.473,0.394,沪深300,近1年,纯多头组合
406,所有者权益(或股东权益)合计,55.42%,0.56%,0.80%,0.90%,0.919,0.887,沪深300,近1年,纯多头组合
407,归属于母公司所有者权益合计,53.90%,0.68%,0.77%,0.17%,0.313,0.418,沪深300,近1年,纯多头组合
408,交易性金融资产,22.52%,0.40%,0.61%,0.27%,0.207,0.663,沪深300,近1年,纯多头组合
409,交易性金融负债,26.85%,0.77%,0.64%,0.70%,0.513,0.685,沪深300,近1年,纯多头组合
410,减:库存股,56.42%,0.56%,0.87%,0.83%,0.622,0.970,沪深300,近1年,纯多头组合
411,代理承销证券款,-23.65%,0.53%,0.89%,0.10%,0.780,0.305,沪深300,近1年,纯多头组合
412,未分配利润,62.62%,0.83%,0.20%,0.46%,0.887,0.864,沪深300,近1年,纯多头组合
