date,nav,cash,n_hold,ret
2021-01-04,200000.0,200000.0,0,
2021-01-05,199629.38520000002,11227.385200000019,5,-0.001853073999999899
2021-01-06,200882.38520000002,11227.385200000019,5,0.006276631061828297
2021-01-07,200618.38520000002,11227.385200000019,5,-0.0013142018387384269
2021-01-08,201220.38520000002,11227.385200000019,5,0.0030007219896615034
2021-01-11,199651.38520000002,11227.385200000019,5,-0.007797420715801362
2021-01-12,203090.1197,6059.1197000000175,5,0.017223694674370682
2021-01-13,200984.1197,6059.1197000000175,5,-0.010369780682147112
2021-01-14,201897.1197,6059.1197000000175,5,0.004542647455743287
2021-01-15,202947.1197,6059.1197000000175,5,0.005200668546238907
2021-01-18,203736.1197,6059.1197000000175,5,0.003887712233444418
2021-01-19,204119.9855,2530.9855000000243,5,0.001884132281331663
2021-01-20,203121.98550000004,2530.9855000000243,5,-0.004889281162524739
2021-01-21,201879.9855,2530.9855000000243,5,-0.0061145522821803855
2021-01-22,199530.9855,2530.9855000000243,5,-0.011635625959563023
2021-01-25,197349.9855,2530.9855000000243,5,-0.010930633127154032
2021-01-26,199327.9855,2530.9855000000243,5,0.010022802864609215
2021-01-27,198115.9855,2530.9855000000243,5,-0.006080430687942728
2021-01-28,196991.9855,2530.9855000000243,5,-0.005673444256218296
2021-01-29,194944.98550000004,2530.9855000000243,5,-0.010391285690147911
2021-02-01,195163.9855,2530.9855000000243,5,0.0011233938612900118
2021-02-02,196821.88070000004,2252.8807000000234,5,0.008494882884014565
2021-02-03,196463.88070000004,2252.8807000000234,5,-0.0018189034609706889
2021-02-04,195645.88070000004,2252.8807000000234,5,-0.004163615200338477
2021-02-05,197085.88070000004,2252.8807000000234,5,0.007360236744304638
2021-02-08,195839.88070000004,2252.8807000000234,5,-0.006322117016066886
2021-02-09,197540.35050000003,2364.3505000000223,5,0.008682959742019492
2021-02-10,197880.35050000003,2364.3505000000223,5,0.0017211673419603724
2021-02-18,202351.35050000003,2364.3505000000223,5,0.022594461697196255
2021-02-19,207045.35050000003,2364.3505000000223,5,0.023197275374744697
2021-02-22,216157.35050000003,2364.3505000000223,5,0.04400968183055132
2021-02-23,215056.13070000004,5473.130700000031,5,-0.005094528580465663
2021-02-24,215431.13070000004,5473.130700000031,5,0.001743730805438437
2021-02-25,216859.13070000004,5473.130700000031,5,0.006628568468076024
2021-02-26,216952.13070000004,5473.130700000031,5,0.00042884982384561177
2021-03-01,216706.13070000004,5473.130700000031,5,-0.0011338906845775876
2021-03-02,216253.61410000006,10965.614100000057,5,-0.002088157813248115
2021-03-03,219797.61410000006,10965.614100000057,5,0.016388165417486
2021-03-04,217526.61410000006,10965.614100000057,5,-0.010332232264208208
2021-03-05,219675.61410000006,10965.614100000057,5,0.009879250908636283
2021-03-08,218935.61410000006,10965.614100000057,5,-0.003368603306433182
2021-03-09,215581.48890000005,12279.488900000062,5,-0.015320144298076599
2021-03-10,215119.48890000005,12279.488900000062,5,-0.002143041141228541
2021-03-11,216864.48890000005,12279.488900000062,5,0.008111770853133526
2021-03-12,217860.48890000005,12279.488900000062,5,0.0045927297966208425
2021-03-15,219275.48890000005,12279.488900000062,5,0.0064949822115265565
2021-03-16,221008.98690000008,6827.986900000062,5,0.007905571245998111
2021-03-17,222016.98690000008,6827.986900000062,5,0.004560900505172993
2021-03-18,222481.98690000008,6827.986900000062,5,0.0020944343335740356
2021-03-19,223350.98690000008,6827.986900000062,5,0.0039059341931830804
2021-03-22,225327.98690000005,6827.986900000062,5,0.008851539128793329
2021-03-23,225083.84700000007,5473.847000000067,5,-0.0010834868023221755
2021-03-24,224090.84700000007,5473.847000000067,5,-0.004411689302609045
2021-03-25,223272.84700000007,5473.847000000067,5,-0.0036503052710582518
2021-03-26,224038.84700000007,5473.847000000067,5,0.003430779919243898
2021-03-29,228637.84700000007,5473.847000000067,5,0.02052769000368948
2021-03-30,227046.99010000008,8386.990100000083,5,-0.006957977084170119
2021-03-31,227663.99010000008,8386.990100000083,5,0.0027174991385185976
2021-04-01,228303.99010000008,8386.990100000083,5,0.002811160428660253
2021-04-02,228394.99010000008,8386.990100000083,5,0.00039859136916597926
2021-04-06,228508.99010000008,8386.990100000083,5,0.0004991352916721148
2021-04-07,228898.2341000001,6518.2341000000815,5,0.0017034078170388156
2021-04-08,224967.2341000001,6518.2341000000815,5,-0.017173570671946026
2021-04-09,224237.2341000001,6518.2341000000815,5,-0.0032449169894470664
2021-04-12,224849.2341000001,6518.2341000000815,5,0.0027292523583619666
2021-04-13,222124.2341000001,6518.2341000000815,5,-0.01211923185287822
2021-04-14,221653.40550000008,2803.405500000088,5,-0.002119663358244983
2021-04-15,221347.40550000008,2803.405500000088,5,-0.0013805337179897403
2021-04-16,223199.40550000008,2803.405500000088,5,0.008366937917417827
2021-04-19,224062.40550000008,2803.405500000088,5,0.0038664977537317125
2021-04-20,224073.40550000008,2803.405500000088,5,4.9093465614769016e-05
2021-04-21,223390.8747000001,4299.874700000088,5,-0.0030460143115912386
2021-04-22,214553.8747000001,4299.874700000088,5,-0.03955846456068335
2021-04-23,213729.8747000001,4299.874700000088,5,-0.0038405272389144818
2021-04-26,212414.8747000001,4299.874700000088,5,-0.006152626074598988
2021-04-27,213138.8747000001,4299.874700000088,5,0.0034084242029779332
2021-04-28,213100.0124000001,4464.012400000087,5,-0.00018233323252137001
2021-04-29,215035.0124000001,4464.012400000087,5,0.00908024348852643
2021-04-30,214965.0124000001,4464.012400000087,5,-0.00032552838358146374
2021-05-06,216667.0124000001,4464.012400000087,5,0.007917567519466706
2021-05-07,219041.0124000001,4464.012400000087,5,0.010956905593073163
2021-05-10,217916.0113000001,6752.0113000001,5,-0.005136029493625571
2021-05-11,219403.0113000001,6752.0113000001,5,0.006823729890838015
2021-05-12,219101.0113000001,6752.0113000001,5,-0.0013764624205045983
2021-05-13,217899.0113000001,6752.0113000001,5,-0.0054860540938087565
2021-05-14,219921.0113000001,6752.0113000001,5,0.00927952810770738
2021-05-17,220463.16790000012,2630.1679000001022,5,0.0024652332980610314
2021-05-18,219732.16790000012,2630.1679000001022,5,-0.0033157466027684546
2021-05-19,218332.16790000012,2630.1679000001022,5,-0.006371393016233906
2021-05-20,218075.16790000012,2630.1679000001022,5,-0.0011771055198687153
2021-05-21,218516.16790000012,2630.1679000001022,5,0.0020222384980679298
2021-05-24,219380.16790000012,2630.1679000001022,5,0.003953940837894354
2021-05-25,221571.16790000012,2630.1679000001022,5,0.009987229114523766
2021-05-26,222208.16790000012,2630.1679000001022,5,0.00287492278908541
2021-05-27,221684.16790000012,2630.1679000001022,5,-0.0023581491398453336
2021-05-28,221550.16790000012,2630.1679000001022,5,-0.0006044635540254362
2021-05-31,222508.7381000001,8045.738100000111,5,0.004326650749516325
2021-06-01,222124.7381000001,8045.738100000111,5,-0.0017257749213760443
2021-06-02,217676.7381000001,8045.738100000111,5,-0.02002478444340372
2021-06-03,217561.7381000001,8045.738100000111,5,-0.0005283063362846452
2021-06-04,216483.7381000001,8045.738100000111,5,-0.004954915369836388
2021-06-07,216942.81640000013,6039.816400000127,5,0.0021206133265676552
2021-06-08,218379.81640000013,6039.816400000127,5,0.006623865329333789
2021-06-09,216631.81640000013,6039.816400000127,5,-0.008004402736552563
2021-06-10,216456.81640000013,6039.816400000127,5,-0.0008078222437875038
2021-06-11,215939.81640000013,6039.816400000127,5,-0.0023884671714131667
2021-06-15,217372.08770000015,2757.0877000001346,5,0.006632733712003125
2021-06-16,216386.08770000015,2757.0877000001346,5,-0.0045360009669723755
2021-06-17,215196.08770000015,2757.0877000001346,5,-0.005499429342471496
2021-06-18,213856.08770000015,2757.0877000001346,5,-0.0062268790028751075
2021-06-21,215218.08770000015,2757.0877000001346,5,0.006368768898038724
2021-06-22,215907.76590000014,3403.7659000001368,5,0.003204555004509446
2021-06-23,215427.76590000014,3403.7659000001368,5,-0.0022231715380831574
2021-06-24,215145.76590000014,3403.7659000001368,5,-0.001309023462327974
2021-06-25,215351.76590000014,3403.7659000001368,5,0.0009574903746687458
2021-06-28,213211.76590000014,3403.7659000001368,5,-0.009937229866941122
2021-06-29,211027.04920000012,4990.0492000001395,5,-0.010246698585221092
2021-06-30,208477.04920000012,4990.0492000001395,5,-0.012083758976240255
2021-07-01,207515.04920000012,4990.0492000001395,5,-0.004614416808428223
2021-07-02,206603.04920000012,4990.0492000001395,5,-0.0043948619799667465
2021-07-05,207107.04920000012,4990.0492000001395,5,0.002439460607922106
2021-07-06,206572.34510000015,2579.345100000144,5,-0.0025817764391187215
2021-07-07,205931.34510000015,2579.345100000144,5,-0.0031030291091951323
2021-07-08,204543.34510000015,2579.345100000144,5,-0.006740110396141863
2021-07-09,205058.34510000015,2579.345100000144,5,0.002517803743496083
2021-07-12,205950.34510000015,2579.345100000144,5,0.004349981462909991
2021-07-13,205490.91420000014,2378.914200000145,5,-0.0022307848028947364
2021-07-14,203580.91420000014,2378.914200000145,5,-0.009294814845881905
2021-07-15,202404.91420000014,2378.914200000145,5,-0.005776572939665048
2021-07-16,202269.91420000014,2378.914200000145,5,-0.0006669798533972537
2021-07-19,202135.91420000014,2378.914200000145,5,-0.0006624811234532402
2021-07-20,201581.45910000015,2398.4591000001456,5,-0.002742981632899655
2021-07-21,201356.45910000015,2398.4591000001456,5,-0.0011161740817065002
2021-07-22,202277.45910000015,2398.4591000001456,5,0.004573977930067752
2021-07-23,201597.45910000015,2398.4591000001456,5,-0.0033617191110939526
2021-07-26,203976.45910000015,2398.4591000001456,5,0.011800743970785454
2021-07-27,159844.97910000014,797.9791000001455,5,-0.2163557510249965
2021-07-28,159520.97910000014,797.9791000001455,5,-0.0020269638860367367
2021-07-29,156458.97910000014,797.9791000001455,5,-0.01919496744111948
2021-07-30,155185.97910000014,797.9791000001455,5,-0.00813631794942471
2021-08-02,156146.97910000014,797.9791000001455,5,0.006192569751296562
2021-08-03,156043.65900000016,4608.659000000145,5,-0.0006616849112003331
2021-08-04,155255.65900000016,4608.659000000145,5,-0.005049868767817101
2021-08-05,155887.65900000016,4608.659000000145,5,0.0040707050813522105
2021-08-06,154973.65900000016,4608.659000000145,5,-0.005863196649838698
2021-08-09,156936.65900000016,4608.659000000145,5,0.012666668727231878
2021-08-10,157861.65900000016,4608.659000000145,5,0.005894097694535416
2021-08-11,158550.65900000016,4608.659000000145,5,0.0043645810158374765
2021-08-12,157234.65900000016,4608.659000000145,5,-0.008300186251512187
2021-08-13,156624.65900000016,4608.659000000145,5,-0.0038795517723607675
2021-08-16,156687.65900000016,4608.659000000145,5,0.00040223551260853974
2021-08-17,154636.60460000014,2131.604600000148,5,-0.013090082608229081
2021-08-18,156072.60460000014,2131.604600000148,5,0.009286287704741714
2021-08-19,154718.60460000014,2131.604600000148,5,-0.008675449502942412
2021-08-20,154589.60460000014,2131.604600000148,5,-0.0008337717389159671
2021-08-23,155628.60460000014,2131.604600000148,5,0.006721021136501415
2021-08-24,155486.60460000014,2131.604600000148,5,-0.0009124286654433877
2021-08-25,156140.60460000014,2131.604600000148,5,0.004206150116162544
2021-08-26,155618.60460000014,2131.604600000148,5,-0.0033431406349249126
2021-08-27,158367.60460000014,2131.604600000148,5,0.017664982969523457
2021-08-30,159029.60460000014,2131.604600000148,5,0.004180147838139359
2021-08-31,160263.91850000015,5250.918500000153,5,0.007761535363837613
2021-09-01,161963.91850000015,5250.918500000153,5,0.010607503023208453
2021-09-02,161935.91850000015,5250.918500000153,5,-0.0001728780104810479
2021-09-03,162726.91850000015,5250.918500000153,5,0.004884648244360967
2021-09-06,162792.91850000015,5250.918500000153,5,0.0004055874750679145
2021-09-07,163419.91850000015,5250.918500000153,5,0.0038515188853254223
2021-09-08,164751.91850000015,5250.918500000153,5,0.008150781203577706
2021-09-09,163717.91850000015,5250.918500000153,5,-0.006276102939584249
2021-09-10,164274.91850000015,5250.918500000153,5,0.0034021932669514587
2021-09-13,164671.91850000015,5250.918500000153,5,0.0024166805476151243
2021-09-14,162323.91850000015,5250.918500000153,5,-0.014258654550138083
2021-09-15,161454.91850000015,5250.918500000153,5,-0.0053534932376586575
2021-09-16,161056.91850000015,5250.918500000153,5,-0.0024650843944403755
2021-09-17,160506.91850000015,5250.918500000153,5,-0.003414941780349512
2021-09-22,158239.91850000015,5250.918500000153,5,-0.014124001763824223
2021-09-23,158861.32610000015,4517.326100000151,5,0.003926996461389054
2021-09-24,157828.32610000015,4517.326100000151,5,-0.006502526608331061
2021-09-27,157376.32610000015,4517.326100000151,5,-0.0028638712148135737
2021-09-28,158575.32610000015,4517.326100000151,5,0.007618680837917946
2021-09-29,159061.32610000015,4517.326100000151,5,0.0030647895353752563
2021-09-30,160274.48610000015,2416.4861000001547,5,0.0076269953843921545
2021-10-08,160829.48610000015,2416.4861000001547,5,0.0034628094184230296
2021-10-11,161177.48610000015,2416.4861000001547,5,0.0021637823289668567
2021-10-12,160338.48610000015,2416.4861000001547,5,-0.005205441655042664
2021-10-13,160326.48610000015,2416.4861000001547,5,-7.484166959459415e-05
2021-10-14,161464.48610000015,2416.4861000001547,5,0.00709801622727646
2021-10-15,161030.48610000015,2416.4861000001547,5,-0.0026878975710560304
2021-10-18,161265.48610000015,2416.4861000001547,5,0.0014593509942835148
2021-10-19,161075.48610000015,2416.4861000001547,5,-0.0011781814236567767
2021-10-20,161129.48610000015,2416.4861000001547,5,0.0003352465437631569
2021-10-21,162137.48610000015,2416.4861000001547,5,0.006255838235432742
2021-10-22,161471.48610000015,2416.4861000001547,5,-0.00410762505340212
2021-10-25,161490.48610000015,2416.4861000001547,5,0.00011766783386280011
2021-10-26,160799.48610000015,2416.4861000001547,5,-0.00427888983857605
2021-10-27,160589.48610000015,2416.4861000001547,5,-0.001305974323011272
2021-10-28,158862.91940000016,1604.919400000159,5,-0.010751430507255355
2021-10-29,159092.91940000016,1604.919400000159,5,0.0014477890804769356
2021-11-01,159507.91940000016,1604.919400000159,5,0.0026085384664831235
2021-11-02,157806.91940000016,1604.919400000159,5,-0.010664047317515135
2021-11-03,157437.91940000016,1604.919400000159,5,-0.0023383005092740827
2021-11-04,158552.91940000016,1604.919400000159,5,0.007082156600197065
2021-11-05,157880.91940000016,1604.919400000159,5,-0.004238332555105306
2021-11-08,157193.91940000016,1604.919400000159,5,-0.004351380791363657
2021-11-09,157603.91940000016,1604.919400000159,5,0.0026082433822183226
2021-11-10,157201.91940000016,1604.919400000159,5,-0.002550697987273476
2021-11-11,158439.91940000016,1604.919400000159,5,0.007875221910299324
2021-11-12,158116.91940000016,1604.919400000159,5,-0.002038627646512192
2021-11-15,158554.91940000016,1604.919400000159,5,0.0027701020337485005
2021-11-16,158323.91940000016,1604.919400000159,5,-0.001456908438250526
2021-11-17,158195.91940000016,1604.919400000159,5,-0.0008084691213120498
2021-11-18,157944.91940000016,1604.919400000159,5,-0.001586640167154596
2021-11-19,158363.91940000016,1604.919400000159,5,0.002652823538684901
2021-11-22,157901.91940000016,1604.919400000159,5,-0.002917331180930627
2021-11-23,158377.91940000016,1604.919400000159,5,0.003014529537124888
2021-11-24,160673.91940000016,1604.919400000159,5,0.014496970339667126
2021-11-25,160510.25380000015,1916.2538000001587,5,-0.001018619578156632
2021-11-26,159811.25380000018,1916.2538000001587,5,-0.004354861969572021
2021-11-29,159758.25380000015,1916.2538000001587,5,-0.00033164122513151817
2021-11-30,160042.25380000015,1916.2538000001587,5,0.0017776859301150694
2021-12-01,161172.25380000015,1916.2538000001587,5,0.007060635383278946
2021-12-02,161390.20970000018,1727.2097000001595,5,0.0013523165114417424
2021-12-03,164513.20970000015,1727.2097000001595,5,0.01935061616070244
2021-12-06,164904.20970000015,1727.2097000001595,5,0.002376708841271835
2021-12-07,164531.20970000015,1727.2097000001595,5,-0.0022619192116355435
2021-12-08,165314.20970000015,1727.2097000001595,5,0.004758975524629561
2021-12-09,166400.49480000016,1647.4948000001605,5,0.006571032834813861
2021-12-10,166079.49480000016,1647.4948000001605,5,-0.0019290808022285333
2021-12-13,165414.49480000016,1647.4948000001605,5,-0.004004106592453316
2021-12-14,164940.49480000016,1647.4948000001605,5,-0.002865528807334039
2021-12-15,164658.49480000016,1647.4948000001605,5,-0.0017097074938567935
2021-12-16,164997.15150000015,2972.15150000016,5,0.002056721703980857
2021-12-17,164947.15150000015,2972.15150000016,5,-0.0003030355345255975
2021-12-20,164278.15150000015,2972.15150000016,5,-0.004055844516963392
2021-12-21,165064.15150000015,2972.15150000016,5,0.004784568080558271
2021-12-22,164539.15150000015,2972.15150000016,5,-0.003180581581337494
2021-12-23,164891.15150000015,2972.15150000016,5,0.0021393084672616247
2021-12-24,165162.15150000015,2972.15150000016,5,0.0016435084450241444
2021-12-27,165804.15150000015,2972.15150000016,5,0.0038870891070947877
2021-12-28,167687.15150000015,2972.15150000016,5,0.011356772330275433
2021-12-29,167547.15150000015,2972.15150000016,5,-0.000834888056405414
2021-12-30,167121.89530000015,1732.8953000001602,5,-0.0025381284981141894
2021-12-31,167060.89530000015,1732.8953000001602,5,-0.00036500304098696645
2022-01-04,167855.89530000015,1732.8953000001602,5,0.004758743801608345
2022-01-05,169128.89530000015,1732.8953000001602,5,0.007583886152612296
2022-01-06,168426.89530000015,1732.8953000001602,5,-0.004150680454423794
2022-01-07,171442.16370000018,6943.163700000172,5,0.017902535070953185
2022-01-10,171194.16370000018,6943.163700000172,5,-0.0014465519720923137
2022-01-11,171147.16370000018,6943.163700000172,5,-0.00027454206956700755
2022-01-12,173285.16370000018,6943.163700000172,5,0.012492173132051754
2022-01-13,174721.16370000018,6943.163700000172,5,0.008286918333562987
2022-01-14,172989.20760000017,2889.207600000176,5,-0.009912686381678526
2022-01-17,171148.2076000002,2889.207600000176,5,-0.010642282403286574
2022-01-18,175405.2076000002,2889.207600000176,5,0.02487317898151331
2022-01-19,174721.20760000017,2889.207600000176,5,-0.0038995421479153247
2022-01-20,175127.20760000017,2889.207600000176,5,0.0023237018881501204
2022-01-21,174763.91860000018,12699.918600000186,5,-0.0020744292390578734
2022-01-24,173110.91860000018,12699.918600000186,5,-0.009458474113202886
2022-01-25,170723.91860000018,12699.918600000186,5,-0.013788847169805218
2022-01-26,170685.9186000002,12699.918600000186,5,-0.00022258158266041939
2022-01-27,169076.91860000018,12699.918600000186,5,-0.009426671006005471
2022-01-28,168485.8128000002,2660.812800000189,5,-0.003496076252716751
2022-02-07,172864.8128000002,2660.812800000189,5,0.025990318871524476
2022-02-08,176275.8128000002,2660.812800000189,5,0.019732182303326518
2022-02-09,177719.8128000002,2660.812800000189,5,0.008191708079873239
2022-02-10,178568.8128000002,2660.812800000189,5,0.004777182614723152
2022-02-11,179360.9822000002,10110.98220000021,5,0.00443621362307689
2022-02-14,178140.9822000002,10110.98220000021,5,-0.006801925285174981
2022-02-15,178027.9822000002,10110.98220000021,5,-0.00063432904997196
2022-02-16,178367.9822000002,10110.98220000021,5,0.0019098121306460047
2022-02-17,178642.9822000002,10110.98220000021,5,0.0015417565227129337
2022-02-18,179384.7615000002,2059.7615000002115,5,0.004152300251960339
2022-02-21,179418.7615000002,2059.7615000002115,5,0.00018953672383137388
2022-02-22,177171.7615000002,2059.7615000002115,5,-0.012523773886378042
2022-02-23,176887.7615000002,2059.7615000002115,5,-0.0016029642511625752
2022-02-24,173152.7615000002,2059.7615000002115,5,-0.021115084324248135
2022-02-25,175222.9155000002,2864.915500000214,5,0.011955651079812668
2022-02-28,177239.9155000002,2864.915500000214,5,0.011511051475456169
2022-03-01,177140.9155000002,2864.915500000214,5,-0.0005585649243892155
2022-03-02,180492.9155000002,2864.915500000214,5,0.018922788055704798
2022-03-03,184568.9155000002,2864.915500000214,5,0.022582603803083856
2022-03-04,183380.4548000002,2761.454800000218,5,-0.0064391162335241114
2022-03-07,178577.4548000002,2761.454800000218,5,-0.02619144992981004
2022-03-08,173543.4548000002,2761.454800000218,5,-0.028189448694057595
2022-03-09,170791.4548000002,2761.454800000218,5,-0.015857699751174903
2022-03-10,175159.4548000002,2761.454800000218,5,0.02557505002293592
2022-03-11,176518.3707000002,1978.3707000002214,5,0.007758164705134574
2022-03-14,173204.3707000002,1978.3707000002214,5,-0.018774249880383675
2022-03-15,165309.3707000002,1978.3707000002214,5,-0.045581990616591295
2022-03-16,167991.3707000002,1978.3707000002214,5,0.016224125641777665
2022-03-17,169637.3707000002,1978.3707000002214,5,0.009798122327005832
2022-03-18,171247.89630000023,2563.896300000226,5,0.009493931634015906
2022-03-21,169743.89630000023,2563.896300000226,5,-0.008782589640489502
2022-03-22,169435.89630000023,2563.896300000226,5,-0.001814498233595696
2022-03-23,169210.89630000023,2563.896300000226,5,-0.0013279358442536138
2022-03-24,167775.89630000023,2563.896300000226,5,-0.008480541332609226
2022-03-25,168252.76950000023,3066.7695000002277,5,0.0028423224701319416
2022-03-28,169050.76950000023,3066.7695000002277,5,0.0047428639800191075
2022-03-29,167706.76950000023,3066.7695000002277,5,-0.007950274370090882
2022-03-30,173448.76950000023,3066.7695000002277,5,0.03423833168523349
2022-03-31,173253.76950000023,3066.7695000002277,5,-0.00112425127351512
2022-04-01,177452.89590000024,5240.895900000243,5,0.024236854482984294
2022-04-06,178420.89590000024,5240.895900000243,5,0.005454968740242538
2022-04-07,173853.89590000024,5240.895900000243,5,-0.02559677764738766
2022-04-08,175472.89590000024,5240.895900000243,5,0.009312417139799134
2022-04-11,171272.89590000024,5240.895900000243,5,-0.023935320486153766
2022-04-12,175781.61090000026,2162.6109000002543,5,0.02632474319014544
2022-04-13,173037.61090000026,2162.6109000002543,5,-0.015610279061334942
2022-04-14,173108.61090000026,2162.6109000002543,5,0.0004103154200449932
2022-04-15,175410.61090000026,2162.6109000002543,5,0.013298009775664976
2022-04-18,178307.61090000026,2162.6109000002543,5,0.016515534522888897
2022-04-19,180274.00300000026,3445.0030000002553,5,0.01102808842580938
2022-04-20,179953.00300000026,3445.0030000002553,5,-0.0017806228000606383
2022-04-21,179504.00300000026,3445.0030000002553,5,-0.0024950959001223127
2022-04-22,180824.00300000026,3445.0030000002553,5,0.007353596454336531
2022-04-25,175493.00300000026,3445.0030000002553,5,-0.029481705479111553
2022-04-26,173586.14830000026,3999.1483000002554,5,-0.010865702149959744
2022-04-27,174945.14830000026,3999.1483000002554,5,0.007828965694032908
2022-04-28,176056.14830000026,3999.1483000002554,5,0.006350561937818577
2022-04-29,176354.14830000026,3999.1483000002554,5,0.0016926418240856833
2022-05-05,175138.14830000026,3999.1483000002554,5,-0.006895216311733288
2022-05-06,171428.25790000026,2189.257900000259,5,-0.021182651729566127
2022-05-09,172359.25790000026,2189.257900000259,5,0.005430843265893159
2022-05-10,171800.25790000026,2189.257900000259,5,-0.0032432258458917618
2022-05-11,171364.25790000026,2189.257900000259,5,-0.0025378308818010398
2022-05-12,170415.25790000026,2189.257900000259,5,-0.005537910948465008
2022-05-13,172101.58580000026,2009.5858000002627,5,0.009895404441951694
2022-05-16,171289.58580000026,2009.5858000002627,5,-0.00471814362561207
2022-05-17,171881.58580000026,2009.5858000002627,5,0.0034561353933755257
2022-05-18,170957.58580000026,2009.5858000002627,5,-0.005375794013648183
2022-05-19,170500.58580000026,2009.5858000002627,5,-0.0026731776648661887
2022-05-20,172168.58580000026,2009.5858000002627,5,0.009782957590284136
2022-05-23,171518.58580000026,2009.5858000002627,5,-0.003775369339184098
2022-05-24,169737.58580000026,2009.5858000002627,5,-0.010383714346133499
2022-05-25,170303.58580000026,2009.5858000002627,5,0.0033345590331825825
2022-05-26,172825.58580000026,2009.5858000002627,5,0.014808848493429672
2022-05-27,173255.70030000026,4265.700300000251,5,0.002488720046913251
2022-05-30,173096.70030000026,4265.700300000251,5,-0.0009177187228165407
2022-05-31,173870.70030000026,4265.700300000251,5,0.00447148905010053
2022-06-01,173670.70030000026,4265.700300000251,5,-0.00115028006245399
2022-06-02,174468.70030000026,4265.700300000251,5,0.004594902874356599
2022-06-06,174197.55920000025,6557.559200000247,5,-0.0015540959469164672
2022-06-07,176545.55920000025,6557.559200000247,5,0.013478948905961463
2022-06-08,177881.55920000025,6557.559200000247,5,0.007567451744773246
2022-06-09,179290.55920000025,6557.559200000247,5,0.007921000953313051
2022-06-10,180201.55920000025,6557.559200000247,5,0.005081137590651208
2022-06-13,178208.28380000024,2174.283800000245,5,-0.01106136599954577
2022-06-14,180582.28380000024,2174.283800000245,5,0.013321490726347474
2022-06-15,185439.28380000024,2174.283800000245,5,0.026896326138943216
2022-06-16,183321.28380000024,2174.283800000245,5,-0.011421528149797577
2022-06-17,183988.28380000024,2174.283800000245,5,0.003638420952406518
2022-06-20,183647.43890000024,10812.438900000241,5,-0.0018525358950056692
2022-06-21,184328.43890000024,10812.438900000241,5,0.003708192197392046
2022-06-22,183413.43890000024,10812.438900000241,5,-0.004963965438325002
2022-06-23,184625.43890000024,10812.438900000241,5,0.006608021785474483
2022-06-24,183910.43890000024,10812.438900000241,5,-0.003872705756368
2022-06-27,184906.52910000025,2278.529100000247,5,0.005416169989902686
2022-06-28,185341.52910000025,2278.529100000247,5,0.002352539967719336
2022-06-29,185623.52910000025,2278.529100000247,5,0.0015215154497179029
2022-06-30,185621.52910000025,2278.529100000247,5,-1.0774496151944035e-05
2022-07-01,186347.52910000025,2278.529100000247,5,0.003911184244198784
2022-07-04,186547.54830000026,5233.54830000025,5,0.0010733665263287229
2022-07-05,186040.54830000026,5233.54830000025,5,-0.0027178057531190847
2022-07-06,184596.54830000026,5233.54830000025,5,-0.007761748786460632
2022-07-07,184256.54830000026,5233.54830000025,5,-0.001841854591167369
2022-07-08,185905.54830000026,5233.54830000025,5,0.00894947840505056
2022-07-11,185817.99920000025,2622.999200000253,5,-0.00047093322819347083
2022-07-12,183565.99920000025,2622.999200000253,5,-0.012119385687584083
2022-07-13,182826.99920000025,2622.999200000253,5,-0.004025800002291469
2022-07-14,181042.99920000025,2622.999200000253,5,-0.00975785856468836
2022-07-15,176846.99920000025,2622.999200000253,5,-0.023176814450387218
2022-07-18,178387.30940000026,4352.309400000249,5,0.008709846403772037
2022-07-19,179477.30940000026,4352.309400000249,5,0.006110300131024982
2022-07-20,180314.30940000026,4352.309400000249,5,0.004663542164734524
2022-07-21,179873.30940000026,4352.309400000249,5,-0.002445729357073434
2022-07-22,179990.30940000026,4352.309400000249,5,0.0006504578160611008
2022-07-25,179502.72990000027,5926.729900000253,5,-0.002708920839268214
2022-07-26,180120.72990000027,5926.729900000253,5,0.0034428445759253634
2022-07-27,179277.72990000027,5926.729900000253,5,-0.0046801942256620155
2022-07-28,177774.72990000027,5926.729900000253,5,-0.008383640292848216
2022-07-29,176744.72990000027,5926.729900000253,5,-0.005793849331563461
2022-08-01,175353.72990000027,5926.729900000253,5,-0.007870107362109247
2022-08-02,172646.72990000027,5926.729900000253,5,-0.015437367665596446
2022-08-03,171403.72990000024,5926.729900000253,5,-0.007199673001162532
2022-08-04,174343.72990000024,5926.729900000253,5,0.017152485548098895
2022-08-05,175449.72990000027,5926.729900000253,5,0.006343789940908229
2022-08-08,176221.53550000026,2041.53550000026,5,0.004399012756758802
2022-08-09,175777.53550000026,2041.53550000026,5,-0.002519555846226318
2022-08-10,175603.53550000026,2041.53550000026,5,-0.0009898875843551425
2022-08-11,178281.53550000026,2041.53550000026,5,0.015250262429938433
2022-08-12,179262.53550000026,2041.53550000026,5,0.005502532818380423
2022-08-15,178420.30780000027,3804.3078000002715,5,-0.004698291796726206
2022-08-16,178140.30780000027,3804.3078000002715,5,-0.0015693280851968305
2022-08-17,178382.30780000027,3804.3078000002715,5,0.0013584797454806452
2022-08-18,177306.30780000027,3804.3078000002715,5,-0.006031988336009153
2022-08-19,177897.30780000027,3804.3078000002715,5,0.0033332147475917395
2022-08-22,178859.30780000027,3804.3078000002715,5,0.005407614156148544
2022-08-23,178886.30780000027,3804.3078000002715,5,0.0001509566392272621
2022-08-24,178615.30780000027,3804.3078000002715,5,-0.0015149286903667347
2022-08-25,179922.30780000027,3804.3078000002715,5,0.007317401941066892
2022-08-26,179517.30780000027,3804.3078000002715,5,-0.0022509715718530554
2022-08-29,179405.25980000026,2477.259800000269,5,-0.0006241626580365534
2022-08-30,180266.25980000026,2477.259800000269,5,0.004799190396980846
2022-08-31,180308.2598000003,2477.259800000269,5,0.00023298869154242396
2022-09-01,180261.25980000026,2477.259800000269,5,-0.00026066470860608426
2022-09-02,180406.25980000026,2477.259800000269,5,0.0008043880319092978
2022-09-05,181698.47900000028,1976.4790000002758,5,0.007162829058329656
2022-09-06,182549.47900000028,1976.4790000002758,5,0.0046835835097991385
2022-09-07,182663.47900000028,1976.4790000002758,5,0.0006244882243680028
2022-09-08,183635.47900000028,1976.4790000002758,5,0.00532126074309569
2022-09-09,184878.47900000028,1976.4790000002758,5,0.006768844488923564
2022-09-13,185450.64780000027,2327.6478000002753,5,0.0030948372308925443
2022-09-14,183419.64780000027,2327.6478000002753,5,-0.010951700757553251
2022-09-15,183900.64780000027,2327.6478000002753,5,0.0026224017206950556
2022-09-16,181351.64780000027,2327.6478000002753,5,-0.013860745084335657
2022-09-19,182143.64780000027,2327.6478000002753,5,0.004367205975836841
2022-09-20,181752.5110000003,2319.5110000002824,5,-0.002147408403884943
2022-09-21,182418.5110000003,2319.5110000002824,5,0.003664323515178314
2022-09-22,181226.5110000003,2319.5110000002824,5,-0.00653442456834874
2022-09-23,179479.5110000003,2319.5110000002824,5,-0.009639869963616987
2022-09-26,176771.5110000003,2319.5110000002824,5,-0.015088073200734242
2022-09-27,179100.3373000003,6630.33730000029,5,0.013174217309258607
2022-09-28,177738.3373000003,6630.33730000029,5,-0.007604675795325755
2022-09-29,176609.3373000003,6630.33730000029,5,-0.006352034215861835
2022-09-30,177726.3373000003,6630.33730000029,5,0.006324693909601109
2022-10-10,177019.3373000003,6630.33730000029,5,-0.003978026052529282
2022-10-11,175113.3373000003,6630.33730000029,5,-0.0107671852638892
2022-10-12,178311.3373000003,6630.33730000029,5,0.01826245818456007
2022-10-13,178032.3373000003,6630.33730000029,5,-0.0015646789723223753
2022-10-14,178073.3373000003,6630.33730000029,5,0.0002302952408634873
2022-10-17,179187.3373000003,6630.33730000029,5,0.006255849510604872
2022-10-18,177336.50290000028,2676.5029000002905,5,-0.010329046839405276
2022-10-19,177061.50290000028,2676.5029000002905,5,-0.0015507241628367474
2022-10-20,178295.50290000028,2676.5029000002905,5,0.006969329751464581
2022-10-21,178630.50290000028,2676.5029000002905,5,0.0018789032507897652
2022-10-24,175478.50290000028,2676.5029000002905,5,-0.017645362627482064
2022-10-25,175087.7421000003,2120.742100000287,5,-0.0022268300306999
2022-10-26,174286.7421000003,2120.742100000287,5,-0.004574849103614054
2022-10-27,173852.7421000003,2120.742100000287,5,-0.0024901492492812594
2022-10-28,172580.7421000003,2120.742100000287,5,-0.007316536884234726
2022-10-31,169565.7421000003,2120.742100000287,5,-0.017470083644981593
2022-11-01,172894.27500000029,2152.275000000285,5,0.01962974866725742
2022-11-02,171945.27500000029,2152.275000000285,5,-0.00548890355102849
2022-11-03,171834.27500000029,2152.275000000285,5,-0.0006455542322986174
2022-11-04,176352.27500000029,2152.275000000285,5,0.02629277540816566
2022-11-07,176454.27500000029,2152.275000000285,5,0.0005783877752640887
2022-11-08,176076.27500000029,2152.275000000285,5,-0.002142198028356024
2022-11-09,175192.27500000029,2152.275000000285,5,-0.005020551462711298
2022-11-10,176011.27500000029,2152.275000000285,5,0.004674863660512507
2022-11-11,179387.27500000029,2152.275000000285,5,0.019180589425308092
2022-11-14,181717.27500000029,2152.275000000285,5,0.01298865819774564
2022-11-15,181855.27500000029,2152.275000000285,5,0.0007594214694226498
2022-11-16,180389.27500000029,2152.275000000285,5,-0.008061355382735003
2022-11-17,181256.27500000029,2152.275000000285,5,0.0048062724349882124
2022-11-18,180042.27500000029,2152.275000000285,5,-0.006697699155518877
2022-11-21,179430.27500000029,2152.275000000285,5,-0.003399201659721296
2022-11-22,181817.6047000003,3900.6047000002836,5,0.013305055125173215
2022-11-23,183143.6047000003,3900.6047000002836,5,0.00729302314914948
2022-11-24,182236.6047000003,3900.6047000002836,5,-0.0049523978819010495
2022-11-25,184068.6047000003,3900.6047000002836,5,0.010052865081720874
2022-11-28,181944.6047000003,3900.6047000002836,5,-0.011539175860336148
2022-11-29,183115.0775000003,2044.0775000002905,5,0.0064331272803057615
2022-11-30,183111.0775000003,2044.0775000002905,5,-2.1844187024999684e-05
2022-12-01,182688.0775000003,2044.0775000002905,5,-0.002310073239561339
2022-12-02,181199.0775000003,2044.0775000002905,5,-0.008150504512260737
2022-12-05,186193.0775000003,2044.0775000002905,5,0.027560846715679377
2022-12-06,185420.0045000003,2174.004500000294,5,-0.004151996467215646
2022-12-07,184310.0045000003,2174.004500000294,5,-0.005986409087806899
2022-12-08,185235.0045000003,2174.004500000294,5,0.005018718340924266
2022-12-09,184165.0045000003,2174.004500000294,5,-0.005776445995659518
2022-12-12,182207.0045000003,2174.004500000294,5,-0.010631770163478604
2022-12-13,182184.4617000003,5306.461700000305,5,-0.000123720819964368
2022-12-14,182358.4617000003,5306.461700000305,5,0.000955075961892593
2022-12-15,181095.4617000003,5306.461700000305,5,-0.006925919358092503
2022-12-16,182130.4617000003,5306.461700000305,5,0.005715217765724923
2022-12-19,179681.4617000003,5306.461700000305,5,-0.013446405269832984
2022-12-20,178294.9549000003,2282.95490000031,5,-0.00771647106430462
2022-12-21,178639.9549000003,2282.95490000031,5,0.001934995862297395
2022-12-22,178649.9549000003,2282.95490000031,5,5.5978518386901044e-05
2022-12-23,179128.9549000003,2282.95490000031,5,0.0026812209399555975
2022-12-26,178763.9549000003,2282.95490000031,5,-0.00203763819313163
2022-12-27,180528.9527000003,2031.9527000003145,5,0.009873342760778225
2022-12-28,180528.9527000003,2031.9527000003145,5,0.0
2022-12-29,179557.9527000003,2031.9527000003145,5,-0.0053786386365050065
2022-12-30,180907.9527000003,2031.9527000003145,5,0.007518463981684764
2023-01-03,180651.9527000003,2031.9527000003145,5,-0.001415084280040002
2023-01-04,182601.98150000031,4535.981500000322,5,0.01079439646710223
2023-01-05,183601.98150000031,4535.981500000322,5,0.005476391832034855
2023-01-06,184854.98150000031,4535.981500000322,5,0.006824545082592115
2023-01-09,185047.98150000031,4535.981500000322,5,0.0010440616662525937
2023-01-10,184867.98150000031,4535.981500000322,5,-0.0009727206886609441
2023-01-11,185590.87150000033,1996.8715000003212,5,0.003910303959260952
2023-01-12,185971.87150000033,1996.8715000003212,5,0.002052902693546521
2023-01-13,188396.87150000033,1996.8715000003212,5,0.013039606368643764
2023-01-16,187838.87150000033,1996.8715000003212,5,-0.0029618326225762104
2023-01-17,186261.87150000033,1996.8715000003212,5,-0.00839549336836809
2023-01-18,186328.52060000034,4578.520600000324,5,0.00035782470917578024
2023-01-19,186734.52060000034,4578.520600000324,5,0.00217894715576894
2023-01-20,187884.52060000034,4578.520600000324,5,0.006158475660016816
2023-01-30,188471.52060000034,4578.520600000324,5,0.0031242595085825275
2023-01-31,188373.52060000034,4578.520600000324,5,-0.0005199724589053378
2023-02-01,188606.82000000033,2143.820000000327,5,0.001238493601738222
2023-02-02,187822.82000000033,2143.820000000327,5,-0.004156795602619279
2023-02-03,187039.82000000033,2143.820000000327,5,-0.004168822510491554
2023-02-06,186522.82000000033,2143.820000000327,5,-0.0027641172879657727
2023-02-07,187148.82000000033,2143.820000000327,5,0.0033561577076735016
2023-02-08,186721.86440000034,2074.8644000003333,5,-0.0022813694470528167
2023-02-09,187338.86440000034,2074.8644000003333,5,0.003304380030601184
2023-02-10,187443.86440000034,2074.8644000003333,5,0.0005604816722695194
2023-02-13,186992.86440000034,2074.8644000003333,5,-0.002406053681424214
2023-02-14,187322.86440000034,2074.8644000003333,5,0.001764773223079219
2023-02-15,186667.86440000034,2074.8644000003333,5,-0.003496636687133625
2023-02-16,186497.86440000034,2074.8644000003333,5,-0.0009107084422186329
2023-02-17,186217.86440000034,2074.8644000003333,5,-0.001501357674527859
2023-02-20,188430.86440000034,2074.8644000003333,5,0.011883929649447733
2023-02-21,189011.86440000034,2074.8644000003333,5,0.003083358991373464
2023-02-22,188204.63610000032,4412.636100000331,5,-0.004270781109759869
2023-02-23,188624.63610000032,4412.636100000331,5,0.0022316134644888574
2023-02-24,187568.63610000032,4412.636100000331,5,-0.005598420343354116
2023-02-27,187292.63610000032,4412.636100000331,5,-0.0014714613580324443
2023-02-28,188363.63610000032,4412.636100000331,5,0.0057183241279608055
2023-03-01,189259.66450000033,2085.6645000003336,5,0.004756907535615307
2023-03-02,190878.66450000033,2085.6645000003336,5,0.0085543848145202
2023-03-03,192978.66450000033,2085.6645000003336,5,0.01100175342016807
2023-03-06,192510.66450000033,2085.6645000003336,5,-0.0024251385572211515
2023-03-07,193338.66450000033,2085.6645000003336,5,0.004301060422551295
2023-03-08,192389.82970000035,26127.829700000337,5,-0.0049076308789749445
2023-03-09,191633.82970000035,26127.829700000337,5,-0.003929521644563283
2023-03-10,191162.82970000035,26127.829700000337,5,-0.0024578123848870703
2023-03-13,191109.82970000035,26127.829700000337,5,-0.00027725055170602086
2023-03-14,188978.82970000035,26127.829700000337,5,-0.011150656161146633
2023-03-15,191838.14350000035,6433.14350000034,5,0.015130339226563594
2023-03-16,193761.14350000035,6433.14350000034,5,0.010024075321600545
2023-03-17,194461.14350000035,6433.14350000034,5,0.003612695442210878
2023-03-20,196144.14350000035,6433.14350000034,5,0.008654685299636755
2023-03-21,193989.14350000035,6433.14350000034,5,-0.010986817967369
2023-03-22,193918.14860000034,8216.148600000335,5,-0.0003659735731552649
2023-03-23,194175.14860000034,8216.148600000335,5,0.0013253014318432843
2023-03-24,193500.14860000034,8216.148600000335,5,-0.003476242994362222
2023-03-27,192971.14860000034,8216.148600000335,5,-0.0027338480297166567
2023-03-28,193258.14860000034,8216.148600000335,5,0.0014872689626515
2023-03-29,193556.20160000035,8544.201600000342,5,0.0015422532098086084
2023-03-30,193875.20160000035,8544.201600000342,5,0.001648100124733931
2023-03-31,193612.20160000035,8544.201600000342,5,-0.0013565427544602882
2023-04-03,194736.20160000035,8544.201600000342,5,0.005805419238618992
2023-04-04,196518.20160000035,8544.201600000342,5,0.009150840908668467
2023-04-06,195021.60460000034,2489.6046000003407,5,-0.007615564297938304
2023-04-07,195664.60460000034,2489.6046000003407,5,0.0032970706056840715
2023-04-10,195273.60460000034,2489.6046000003407,5,-0.001998317482098111
2023-04-11,194095.60460000034,2489.6046000003407,5,-0.006032561351100307
2023-04-12,194583.60460000034,2489.6046000003407,5,0.0025142248893563757
2023-04-13,194631.26740000036,2573.2674000003462,5,0.00024494766708627047
2023-04-14,194546.26740000036,2573.2674000003462,5,-0.0004367232517954456
2023-04-17,197474.26740000036,2573.2674000003462,5,0.015050404405754225
2023-04-18,200801.26740000036,2573.2674000003462,5,0.016847764743245675
2023-04-19,200940.26740000036,2573.2674000003462,5,0.0006922267065332388
2023-04-20,200331.59280000033,4129.5928000003405,5,-0.0030291320295119384
2023-04-21,198887.59280000033,4129.5928000003405,5,-0.007208049313727649
2023-04-24,198864.59280000033,4129.5928000003405,5,-0.00011564321170665082
2023-04-25,200868.59280000033,4129.5928000003405,5,0.010077208676435578
2023-04-26,199014.59280000033,4129.5928000003405,5,-0.00922991481224733
2023-04-27,202229.34340000036,7233.343400000347,5,0.016153341093086082
2023-04-28,204694.34340000036,7233.343400000347,5,0.012189131203993231
2023-05-04,206705.34340000036,7233.343400000347,5,0.009824404361141736
2023-05-05,206755.34340000036,7233.343400000347,5,0.00024189021520970577
2023-05-08,209068.34340000036,7233.343400000347,5,0.011187135297031414
2023-05-09,206530.09150000036,7416.091500000366,5,-0.01214077587606699
2023-05-10,208057.09150000036,7416.091500000366,5,0.007393595717261281
2023-05-11,211787.09150000036,7416.091500000366,5,0.017927771522269875
2023-05-12,212451.09150000036,7416.091500000366,5,0.0031352241314479556
2023-05-15,214568.09150000036,7416.091500000366,5,0.009964646380741238
2023-05-16,212029.94430000038,3040.9443000003666,5,-0.011829099015871036
2023-05-17,211082.94430000038,3040.9443000003666,5,-0.004466350274846542
2023-05-18,211044.94430000035,3040.9443000003666,5,-0.0001800240191174307
2023-05-19,211359.94430000038,3040.9443000003666,5,0.0014925730680013238
2023-05-22,217604.94430000038,3040.9443000003666,5,0.029546752676732124
2023-05-23,216301.07650000037,6168.076500000374,5,-0.005991903374228613
2023-05-24,213416.07650000037,6168.076500000374,5,-0.01333789016070841
2023-05-25,214213.07650000037,6168.076500000374,5,0.003734489046330003
2023-05-26,216547.07650000037,6168.076500000374,5,0.010895693382191762
2023-05-29,217145.07650000037,6168.076500000374,5,0.0027615242360474745
2023-05-30,217206.81300000037,7941.81300000038,5,0.0002843099230942503
2023-05-31,213300.81300000037,7941.81300000038,5,-0.017982861338700196
2023-06-01,206293.81300000037,7941.81300000038,5,-0.03285032017200984
2023-06-02,195171.81300000037,7941.81300000038,5,-0.05391339584188104
2023-06-05,194509.81300000037,7941.81300000038,5,-0.0033918832326469417
2023-06-06,191581.1644000004,4349.164400000387,5,-0.015056559640001188
2023-06-07,191911.1644000004,4349.164400000387,5,0.0017225075389508682
2023-06-08,192031.1644000004,4349.164400000387,5,0.0006252893122460357
2023-06-09,191683.1644000004,4349.164400000387,5,-0.0018122058525621432
2023-06-12,195083.1644000004,4349.164400000387,5,0.017737603668233293
2023-06-13,196011.6417000004,4077.6417000003858,5,0.004759392246151295
2023-06-14,195788.6417000004,4077.6417000003858,5,-0.0011376875274649034
2023-06-15,195789.6417000004,4077.6417000003858,5,5.107548585625565e-06
2023-06-16,196553.6417000004,4077.6417000003858,5,0.0039021471890257065
2023-06-19,192906.6417000004,4077.6417000003858,5,-0.018554731260418067
2023-06-20,191184.95150000037,2221.9515000003885,5,-0.00892499182416695
2023-06-21,190161.95150000037,2221.9515000003885,5,-0.005350839550779196
2023-06-26,185263.95150000037,2221.9515000003885,5,-0.02575699271786236
2023-06-27,187247.95150000037,2221.9515000003885,5,0.010709045035131926
2023-06-28,187749.95150000037,2221.9515000003885,5,0.0026809372064078296
2023-06-29,186970.6682000004,2154.6682000003857,5,-0.004150644480991894
2023-06-30,188063.6682000004,2154.6682000003857,5,0.005845836732159659
2023-07-03,190715.6682000004,2154.6682000003857,5,0.014101607319387588
2023-07-04,189238.6682000004,2154.6682000003857,5,-0.007744513148500665
2023-07-05,188483.6682000004,2154.6682000003857,5,-0.003989670859457006
2023-07-06,187327.6682000004,2154.6682000003857,5,-0.006133157376655873
2023-07-07,187803.6682000004,2154.6682000003857,5,0.002541002109158752
2023-07-10,187301.6682000004,2154.6682000003857,5,-0.0026730042326191805
2023-07-11,188151.6682000004,2154.6682000003857,5,0.004538133633131158
2023-07-12,186990.6682000004,2154.6682000003857,5,-0.006170553846835292
2023-07-13,188660.6682000004,2154.6682000003857,5,0.008930926960557306
2023-07-14,188850.6682000004,2154.6682000003857,5,0.0010070991575126254
2023-07-17,185573.6682000004,2154.6682000003857,5,-0.01735233468451125
2023-07-18,185201.66820000036,2154.6682000003857,5,-0.0020045947445469503
2023-07-19,185727.6682000004,2154.6682000003857,5,0.002840147203382548
2023-07-20,184463.46740000037,2301.467400000387,5,-0.0068067445860499065
2023-07-21,182796.46740000037,2301.467400000387,5,-0.009037019760585907
2023-07-24,183102.46740000037,2301.467400000387,5,0.001673992962513804
2023-07-25,185817.46740000037,2301.467400000387,5,0.014827763047391862
2023-07-26,186498.46740000037,2301.467400000387,5,0.0036648868888846664
2023-07-27,187540.5396000004,3673.5396000003966,5,0.005587564415556301
2023-07-28,190594.5396000004,3673.5396000003966,5,0.0162844791132295
2023-07-31,191533.5396000004,3673.5396000003966,5,0.0049266888861070335
2023-08-01,192120.5396000004,3673.5396000003966,5,0.003064737388688732
2023-08-02,189301.5396000004,3673.5396000003966,5,-0.01467307975435228
2023-08-03,189936.4061000004,4460.406100000408,5,0.0033537313079519127
2023-08-04,189169.4061000004,4460.406100000408,5,-0.004038193707825433
2023-08-07,187658.4061000004,4460.406100000408,5,-0.007987549525853233
2023-08-08,187847.4061000004,4460.406100000408,5,0.0010071491276510969
2023-08-09,187687.4061000004,4460.406100000408,5,-0.0008517551736372253
2023-08-10,188315.99230000042,2252.992300000413,5,0.003349112298270507
2023-08-11,184897.99230000042,2252.992300000413,5,-0.018150343782565637
2023-08-14,184511.9923000004,2252.992300000413,5,-0.0020876375951867088
2023-08-15,188556.9923000004,2252.992300000413,5,0.02192269428982807
2023-08-16,187614.9923000004,2252.992300000413,5,-0.004995837006676718
2023-08-17,186781.82370000042,4361.823700000408,5,-0.004440842332406603
2023-08-18,187269.82370000042,4361.823700000408,5,0.0026126739226177698
2023-08-21,185296.82370000042,4361.823700000408,5,-0.010535600242571275
2023-08-22,187123.82370000042,4361.823700000408,5,0.009859856005723922
2023-08-23,187269.82370000042,4361.823700000408,5,0.0007802320255814177
2023-08-24,185461.0303000004,4328.030300000406,5,-0.009658755288292742
2023-08-25,186408.0303000004,4328.030300000406,5,0.005106193999182107
2023-08-28,189269.0303000004,4328.030300000406,5,0.015348051236824922
2023-08-29,188988.0303000004,4328.030300000406,5,-0.001484659162434565
2023-08-30,187444.0303000004,4328.030300000406,5,-0.008169829578884125
2023-08-31,186705.3443000004,4166.344300000412,5,-0.0039408350258887115
2023-09-01,186811.3443000004,4166.344300000412,5,0.0005677395063190538
2023-09-04,188945.3443000004,4166.344300000412,5,0.01142328913694346
2023-09-05,188022.3443000004,4166.344300000412,5,-0.004885010548523971
2023-09-06,188317.3443000004,4166.344300000412,5,0.0015689624608090647
2023-09-07,188693.3443000004,4166.344300000412,5,0.0019966296859039723
2023-09-08,186965.3443000004,4166.344300000412,5,-0.009157715691618051
2023-09-11,187613.3443000004,4166.344300000412,5,0.0034658829550797687
2023-09-12,187411.3443000004,4166.344300000412,5,-0.00107668247561854
2023-09-13,188480.3443000004,4166.344300000412,5,0.005704030372295943
2023-09-14,189989.1128000004,2166.11280000041,5,0.00800491162939787
2023-09-15,189600.1128000004,2166.11280000041,5,-0.002047485744141042
2023-09-18,189266.1128000004,2166.11280000041,5,-0.0017616023274855674
2023-09-19,191471.1128000004,2166.11280000041,5,0.011650263046983245
2023-09-20,191194.1128000004,2166.11280000041,5,-0.0014466934251817776
2023-09-21,190146.0414000004,1872.0414000004093,5,-0.005481713765404295
2023-09-22,191969.0414000004,1872.0414000004093,5,0.009587367617951426
2023-09-25,191924.0414000004,1872.0414000004093,5,-0.00023441279735436638
2023-09-26,190742.0414000004,1872.0414000004093,5,-0.0061586864854337176
2023-09-27,189828.0414000004,1872.0414000004093,5,-0.004791811984874772
2023-09-28,188975.34700000042,2536.347000000409,5,-0.004491930663727439
2023-10-09,187822.34700000042,2536.347000000409,5,-0.006101324952190734
2023-10-10,186064.34700000042,2536.347000000409,5,-0.009359908594902211
2023-10-11,186129.34700000042,2536.347000000409,5,0.00034934151033239047
2023-10-12,190127.34700000042,2536.347000000409,5,0.02147968638175035
2023-10-13,188956.2489000004,2428.248900000406,5,-0.006159545791169063
2023-10-16,189878.2489000004,2428.248900000406,5,0.004879436405873738
2023-10-17,190810.2489000004,2428.248900000406,5,0.0049084084427744035
2023-10-18,189734.2489000004,2428.248900000406,5,-0.005639110090799759
2023-10-19,184008.2489000004,2428.248900000406,5,-0.030179053245246723
2023-10-20,181731.59710000042,1973.5971000004138,5,-0.012372552935043912
2023-10-23,180503.59710000042,1973.5971000004138,5,-0.006757217894939216
2023-10-24,180595.59710000042,1973.5971000004138,5,0.0005096851335824049
2023-10-25,179483.59710000042,1973.5971000004138,5,-0.006157403712252485
2023-10-26,181129.59710000042,1973.5971000004138,5,0.00917075446779081
2023-10-27,181073.59710000042,1973.5971000004138,5,-0.00030917089695225997
2023-10-30,178595.59710000042,1973.5971000004138,5,-0.013685043207218639
2023-10-31,179575.59710000042,1973.5971000004138,5,0.0054872573339603825
2023-11-01,180013.59710000042,1973.5971000004138,5,0.0024390841911337002
2023-11-02,180557.59710000042,1973.5971000004138,5,0.003021993942478707
2023-11-03,179710.98010000042,3332.9801000004227,5,-0.004688902674813034
2023-11-06,178312.98010000042,3332.9801000004227,5,-0.007779157396070491
2023-11-07,177884.98010000042,3332.9801000004227,5,-0.002400273943938158
2023-11-08,176694.98010000042,3332.9801000004227,5,-0.006689716013859259
2023-11-09,178202.98010000042,3332.9801000004227,5,0.008534481280376705
2023-11-10,176468.20250000042,4194.202500000425,5,-0.009734840567910297
2023-11-13,177418.20250000042,4194.202500000425,5,0.005383406112497768
2023-11-14,176836.20250000042,4194.202500000425,5,-0.0032803849424638543
2023-11-15,178862.20250000042,4194.202500000425,5,0.01145693003671
2023-11-16,177808.20250000042,4194.202500000425,5,-0.005892804546002384
2023-11-17,176581.71140000044,4260.711400000437,5,-0.0068978319490068385
2023-11-20,177641.71140000044,4260.711400000437,5,0.006002886661341966
2023-11-21,178369.71140000044,4260.711400000437,5,0.004098136604644198
2023-11-22,178243.71140000044,4260.711400000437,5,-0.0007063979585493207
2023-11-23,178180.71140000044,4260.711400000437,5,-0.0003534486546827864
2023-11-24,178607.22360000043,2025.2236000004377,5,0.002393705786944089
2023-11-27,178353.22360000043,2025.2236000004377,5,-0.0014221149339896932
2023-11-28,177776.22360000043,2025.2236000004377,5,-0.00323515318845069
2023-11-29,177525.22360000043,2025.2236000004377,5,-0.0014118873430720713
2023-11-30,178844.22360000043,2025.2236000004377,5,0.007429930086847669
2023-12-01,179355.74870000046,5305.748700000455,5,0.0028601712132683144
2023-12-04,178412.74870000046,5305.748700000455,5,-0.005257707136989032
2023-12-05,175477.74870000046,5305.748700000455,5,-0.01645061813903881
2023-12-06,174024.74870000046,5305.748700000455,5,-0.008280252116090625
2023-12-07,174711.74870000046,5305.748700000455,5,0.003947714363227162
2023-12-08,174991.17630000046,1798.1763000004612,5,0.0015993635349607072
2023-12-11,175451.17630000046,1798.1763000004612,5,0.0026287039708299265
2023-12-12,176996.17630000046,1798.1763000004612,5,0.008805868575986198
2023-12-13,175381.17630000046,1798.1763000004612,5,-0.009124490900089599
2023-12-14,174732.17630000046,1798.1763000004612,5,-0.0037005111591328355
2023-12-15,173688.17630000046,1798.1763000004612,5,-0.005974858335236144
2023-12-18,174292.17630000046,1798.1763000004612,5,0.0034774963550583404
2023-12-19,174304.17630000046,1798.1763000004612,5,6.88499062593273e-05
2023-12-20,173666.17630000046,1798.1763000004612,5,-0.0036602680070150218
2023-12-21,173820.17630000046,1798.1763000004612,5,0.0008867587418632805
2023-12-22,174649.17630000046,1798.1763000004612,5,0.004769296739000062
2023-12-25,174886.17630000046,1798.1763000004612,5,0.0013570061137471168
2023-12-26,175353.17630000046,1798.1763000004612,5,0.0026703082535175504
2023-12-27,175843.17630000046,1798.1763000004612,5,0.0027943605604365818
2023-12-28,176226.17630000046,1798.1763000004612,5,0.002178077125646105
2023-12-29,175251.17630000046,1798.1763000004612,5,-0.005532662743247596
2024-01-02,175925.17630000046,1798.1763000004612,5,0.003845908565236922
2024-01-03,178315.17630000046,1798.1763000004612,5,0.013585321045376686
2024-01-04,178499.17630000046,1798.1763000004612,5,0.0010318807620190995
2024-01-05,180264.17630000046,1798.1763000004612,5,0.009888000810903463
2024-01-08,178620.88430000047,4294.884300000471,5,-0.009116020907366407
2024-01-09,178913.88430000047,4294.884300000471,5,0.001640345702845769
2024-01-10,177809.88430000047,4294.884300000471,5,-0.006170566383483234
2024-01-11,175845.88430000047,4294.884300000471,5,-0.011045505190736993
2024-01-12,176268.88430000047,4294.884300000471,5,0.0024055154983231297
2024-01-15,177204.2627000005,2258.2627000004723,5,0.005306542920008761
2024-01-16,178542.2627000005,2258.2627000004723,5,0.007550608431272199
2024-01-17,176033.2627000005,2258.2627000004723,5,-0.014052695210969746
2024-01-18,175508.2627000005,2258.2627000004723,5,-0.002982390895604259
2024-01-19,174851.2627000005,2258.2627000004723,5,-0.003743413500269299
2024-01-22,172169.70730000047,3475.707300000475,5,-0.015336208378436855
2024-01-23,171993.70730000047,3475.707300000475,5,-0.0010222471929589583
2024-01-24,175735.70730000047,3475.707300000475,5,0.021756609929181936
2024-01-25,183387.70730000047,3475.707300000475,5,0.043542659130379135
2024-01-26,187348.70730000047,3475.707300000475,5,0.021599048585739133
2024-01-29,188367.66860000047,4589.668600000477,5,0.005438848843340782
2024-01-30,186606.66860000047,4589.668600000477,5,-0.009348738098678089
2024-01-31,187284.66860000047,4589.668600000477,5,0.0036333106693702266
2024-02-01,185364.66860000047,4589.668600000477,5,-0.010251773486599225
2024-02-02,185983.66860000047,4589.668600000477,5,0.00333936345407726
2024-02-05,187827.66860000047,4589.668600000477,5,0.009914849050353558
2024-02-06,191009.66860000047,4589.668600000477,5,0.016941061046636507
2024-02-07,186889.66860000047,4589.668600000477,5,-0.02156958875536208
2024-02-08,186526.66860000047,4589.668600000477,5,-0.001942322455378398
2024-02-19,191230.66860000047,4589.668600000477,5,0.025218913924247133
2024-02-20,192605.1296000005,4402.129600000495,5,0.0071874506848848
2024-02-21,194651.12960000048,4402.129600000495,5,0.010622770038622997
2024-02-22,194920.12960000048,4402.129600000495,5,0.0013819596143767043
2024-02-23,196235.1296000005,4402.129600000495,5,0.006746352994421612
2024-02-26,190822.1296000005,4402.129600000495,5,-0.027584255739702135
2024-02-27,190846.1296000005,4402.129600000495,5,0.000125771576128475
2024-02-28,189765.1296000005,4402.129600000495,5,-0.005664249006598676
2024-02-29,191663.1296000005,4402.129600000495,5,0.01000183755572337
2024-03-01,192003.1296000005,4402.129600000495,5,0.0017739457803365166
2024-03-04,191554.1296000005,4402.129600000495,5,-0.0023385035490588457
2024-03-05,195134.8788000005,2163.8788000005006,5,0.018693145417836954
2024-03-06,192555.8788000005,2163.8788000005006,5,-0.013216499356034084
2024-03-07,193004.8788000005,2163.8788000005006,5,0.0023317906614857
2024-03-08,192607.8788000005,2163.8788000005006,5,-0.002056942821696217
2024-03-11,192099.8788000005,2163.8788000005006,5,-0.002637482968843141
2024-03-12,190658.2137000005,3230.2137000005023,5,-0.007504768399676953
2024-03-13,188730.2137000005,3230.2137000005023,5,-0.01011233642959486
2024-03-14,188577.2137000005,3230.2137000005023,5,-0.0008106810086232485
2024-03-15,188625.2137000005,3230.2137000005023,5,0.0002545376456581927
2024-03-18,189784.2137000005,3230.2137000005023,5,0.006144459572850813
2024-03-19,188360.2137000005,3230.2137000005023,5,-0.007503258423016024
2024-03-20,189388.2137000005,3230.2137000005023,5,0.005457628125423941
2024-03-21,190008.2137000005,3230.2137000005023,5,0.0032736989693673557
2024-03-22,187956.2137000005,3230.2137000005023,5,-0.010799533136182538
2024-03-25,189122.2137000005,3230.2137000005023,5,0.006203572507909039
2024-03-26,190693.84260000053,4851.842600000513,5,0.00831012322271718
2024-03-27,190866.8426000005,4851.842600000513,5,0.000907213351208469
2024-03-28,189651.8426000005,4851.842600000513,5,-0.006365694446710535
2024-03-29,190243.8426000005,4851.842600000513,5,0.003121509350418439
2024-04-01,192666.8426000005,4851.842600000513,5,0.012736286057333901
2024-04-02,193886.88900000052,3465.889000000512,5,0.006332414978808654
2024-04-03,194058.88900000052,3465.889000000512,5,0.0008871151674416655
2024-04-08,194172.88900000052,3465.889000000512,5,0.0005874505444580791
2024-04-09,193038.88900000052,3465.889000000512,5,-0.0058401561919387834
2024-04-10,192982.88900000052,3465.889000000512,5,-0.0002900969866233005
2024-04-11,192266.83930000052,4517.839300000509,5,-0.003710431032048711
2024-04-12,190680.83930000052,4517.839300000509,5,-0.008248952371476381
2024-04-15,195150.83930000052,4517.839300000509,5,0.023442313430177997
2024-04-16,195867.83930000052,4517.839300000509,5,0.0036740810471114216
2024-04-17,197439.83930000052,4517.839300000509,5,0.00802581988762463
2024-04-18,199081.83930000052,4517.839300000509,5,0.008316457336176475
2024-04-19,199656.83930000052,4517.839300000509,5,0.0028882594315071675
2024-04-22,198367.83930000052,4517.839300000509,5,-0.006456077360130763
2024-04-23,198909.83930000052,4517.839300000509,5,0.0027322977450003894
2024-04-24,198844.83930000052,4517.839300000509,5,-0.0003267812202188969
2024-04-25,199785.8102000005,2693.810200000509,5,0.004732186680391104
2024-04-26,198290.8102000005,2693.810200000509,5,-0.007483013926281368
2024-04-29,199418.8102000005,2693.810200000509,5,0.005688614610340537
2024-04-30,201383.8102000005,2693.810200000509,5,0.009853634158328628
2024-05-06,202083.81020000053,2693.810200000509,5,0.0034759497265686168
2024-05-07,202525.91420000052,2385.914200000516,5,0.002187725971528609
2024-05-08,202961.91420000052,2385.914200000516,5,0.0021528109216157887
2024-05-09,202755.91420000052,2385.914200000516,5,-0.0010149687482599035
2024-05-10,203226.91420000052,2385.914200000516,5,0.002322990191720775
2024-05-13,203790.91420000052,2385.914200000516,5,0.0027752229679822715
2024-05-14,202745.91420000052,2385.914200000516,5,-0.005127804662451441
2024-05-15,201501.91420000052,2385.914200000516,5,-0.00613575866575955
2024-05-16,202258.91420000052,2385.914200000516,5,0.003756788132784905
2024-05-17,204260.91420000052,2385.914200000516,5,0.009898204031790536
2024-05-20,205123.91420000052,2385.914200000516,5,0.004224988433935151
2024-05-21,205551.86140000052,2175.861400000518,5,0.0020862862415091943
2024-05-22,205623.86140000052,2175.861400000518,5,0.00035027656528918705
2024-05-23,204055.86140000052,2175.861400000518,5,-0.0076255741397140975
2024-05-24,202795.86140000052,2175.861400000518,5,-0.006174779745875991
2024-05-27,204992.86140000052,2175.861400000518,5,0.010833554416904922
2024-05-28,204718.60180000053,2657.6018000005206,5,-0.0013378982961989028
2024-05-29,203249.60180000053,2657.6018000005206,5,-0.007175703561296931
2024-05-30,202124.60180000053,2657.6018000005206,5,-0.005535066194653604
2024-05-31,202085.60180000053,2657.6018000005206,5,-0.00019295028736077136
2024-06-03,203030.60180000053,2657.6018000005206,5,0.004676236167162617
2024-06-04,203281.20920000054,2350.2092000005214,5,0.0012343331388382506
2024-06-05,203278.20920000054,2350.2092000005214,5,-1.4757881516946902e-05
2024-06-06,202056.2092000005,2350.2092000005214,5,-0.006011465787745807
2024-06-07,202756.2092000005,2350.2092000005214,5,0.0034643825239100146
2024-06-11,199571.2092000005,2350.2092000005214,5,-0.015708520161068384
2024-06-12,199145.35190000053,2622.3519000005253,5,-0.0021338614006852774
2024-06-13,199834.35190000053,2622.3519000005253,5,0.0034597844912092057
2024-06-14,201530.35190000053,2622.3519000005253,5,0.008487029301392113
2024-06-17,198962.35190000053,2622.3519000005253,5,-0.012742497473900327
2024-06-18,199617.35190000053,2622.3519000005253,5,0.003292080103321382
2024-06-19,201361.35190000053,2622.3519000005253,5,0.008736715437812625
2024-06-20,202723.35190000053,2622.3519000005253,5,0.006763959355400084
2024-06-21,201488.35190000053,2622.3519000005253,5,-0.006092046073750801
2024-06-24,202795.35190000053,2622.3519000005253,5,0.006486727335229148
2024-06-25,202984.35190000053,2622.3519000005253,5,0.000931974023217208
2024-06-26,202381.35190000053,2622.3519000005253,5,-0.002970672341762959
2024-06-27,203876.35190000053,2622.3519000005253,5,0.007387044240808827
2024-06-28,206993.35190000053,2622.3519000005253,5,0.01528867851004545
2024-07-01,209888.35190000053,2622.3519000005253,5,0.013985956425299095
2024-07-02,213052.35190000053,2622.3519000005253,5,0.015074681235800247
2024-07-03,211350.35190000053,2622.3519000005253,5,-0.007988646850511483
2024-07-04,212604.35190000053,2622.3519000005253,5,0.0059332761394848
2024-07-05,208706.35190000053,2622.3519000005253,5,-0.018334525917105604
2024-07-08,210936.35190000053,2622.3519000005253,5,0.010684868858560126
2024-07-09,212299.35190000053,2622.3519000005253,5,0.0064616647994659715
2024-07-10,211905.80590000053,2495.8059000005305,5,-0.0018537315186217818
2024-07-11,211454.80590000053,2495.8059000005305,5,-0.0021283041211850318
2024-07-12,213117.80590000053,2495.8059000005305,5,0.007864564689943565
2024-07-15,215945.80590000053,2495.8059000005305,5,0.01326965613247233
2024-07-16,216008.80590000053,2495.8059000005305,5,0.00029173986379338324
2024-07-17,212978.80590000053,2495.8059000005305,5,-0.014027205915867702
2024-07-18,213812.80590000053,2495.8059000005305,5,0.003915882599095699
2024-07-19,212529.80590000053,2495.8059000005305,5,-0.006000576039397965
2024-07-22,209737.80590000053,2495.8059000005305,5,-0.013136980896287564
2024-07-23,210512.80590000053,2495.8059000005305,5,0.0036950896700498337
2024-07-24,211050.80590000053,2495.8059000005305,5,0.0025556640020063526
2024-07-25,208704.80590000053,2495.8059000005305,5,-0.011115806878802315
2024-07-26,206704.80590000053,2495.8059000005305,5,-0.009582913011396021
2024-07-29,209554.80590000053,2495.8059000005305,5,0.013787778119579652
2024-07-30,208413.80590000053,2495.8059000005305,5,-0.005444876318152714
2024-07-31,209093.24040000053,2857.2404000005336,5,0.0032600263550965902
2024-08-01,210631.24040000053,2857.2404000005336,5,0.007355570161224678
2024-08-02,209096.24040000053,2857.2404000005336,5,-0.007287617910263222
2024-08-05,206870.24040000053,2857.2404000005336,5,-0.01064581551414634
2024-08-06,203610.24040000053,2857.2404000005336,5,-0.015758670718884038
2024-08-07,202986.89890000055,3463.8989000005386,5,-0.0030614447425404423
2024-08-08,203078.89890000055,3463.8989000005386,5,0.0004532312208254119
2024-08-09,203152.89890000055,3463.8989000005386,5,0.00036439039408242557
2024-08-12,203347.89890000055,3463.8989000005386,5,0.0009598681636140416
2024-08-13,205439.89890000055,3463.8989000005386,5,0.010287787635459011
2024-08-14,205395.86420000053,2164.864200000542,5,-0.00021434346607351884
2024-08-15,208019.86420000053,2164.864200000542,5,0.012775330263928408
2024-08-16,210809.86420000053,2164.864200000542,5,0.013412180662311979
2024-08-19,213025.86420000053,2164.864200000542,5,0.01051184207346978
2024-08-20,212884.86420000053,2164.864200000542,5,-0.000661891458717978
2024-08-21,213287.71520000053,8020.715200000537,5,0.0018923421423775455
2024-08-22,214801.71520000053,8020.715200000537,5,0.007098392884842486
2024-08-23,216226.71520000053,8020.715200000537,5,0.006634025238919428
2024-08-26,218054.71520000053,8020.715200000537,5,0.008454089488013405
2024-08-27,222318.71520000053,8020.715200000537,5,0.01955472504269884
2024-08-28,220614.45620000054,2822.456200000539,5,-0.007665836852587149
2024-08-29,216200.45620000054,2822.456200000539,5,-0.02000775504937191
2024-08-30,216359.45620000054,2822.456200000539,5,0.0007354286054461756
2024-09-02,219616.45620000054,2822.456200000539,5,0.015053652182362987
2024-09-03,215554.45620000054,2822.456200000539,5,-0.01849588173074246
2024-09-04,212501.14970000056,10463.14970000057,5,-0.014164896211502964
2024-09-05,211855.1497000006,10463.14970000057,5,-0.0030399835526159213
2024-09-06,210220.14970000056,10463.14970000057,5,-0.007717537205563785
2024-09-09,207339.14970000056,10463.14970000057,5,-0.013704680565166494
2024-09-10,207573.14970000056,10463.14970000057,5,0.001128585702886209
2024-09-11,202931.89030000058,5523.890300000574,5,-0.02235963276901598
2024-09-12,204633.89030000058,5523.890300000574,5,0.008387050440834543
2024-09-13,204083.89030000058,5523.890300000574,5,-0.0026877268432597967
2024-09-18,206013.89030000058,5523.890300000574,5,0.00945689538337846
2024-09-19,205786.89030000058,5523.890300000574,5,-0.0011018674501482861
2024-09-20,205812.1423000006,3580.1423000005743,5,0.0001227094688256436
2024-09-23,208038.1423000006,3580.1423000005743,5,0.01081568839974123
2024-09-24,216848.1423000006,3580.1423000005743,5,0.04234800360452917
2024-09-25,219700.1423000006,3580.1423000005743,5,0.013152061021829642
2024-09-26,225119.1423000006,3580.1423000005743,5,0.024665436914466543
2024-09-27,225208.6453000006,2599.6453000005786,5,0.0003975805837101998
2024-09-30,239919.6453000006,2599.6453000005786,5,0.06532164864454226
2024-10-08,249060.6453000006,2599.6453000005786,5,0.03810025639446857
2024-10-09,229399.6453000006,2599.6453000005786,5,-0.07894061294315591
2024-10-10,235899.6453000006,2599.6453000005786,5,0.028334830210829276
2024-10-11,232723.41450000057,3055.414500000581,5,-0.013464330545985836
2024-10-14,237267.4145000006,3055.414500000581,5,0.019525323697070496
2024-10-15,230629.41450000057,3055.414500000581,5,-0.027976871640753687
2024-10-16,233435.4145000006,3055.414500000581,5,0.012166704780842252
2024-10-17,230444.4145000006,3055.414500000581,5,-0.012812965874978599
2024-10-18,233931.1129000006,2887.112900000582,5,0.015130322891813819
2024-10-21,231740.1129000006,2887.112900000582,5,-0.00936600511508956
2024-10-22,232381.1129000006,2887.112900000582,5,0.002766029549129412
2024-10-23,235305.1129000006,2887.112900000582,5,0.012582778193588773
2024-10-24,233801.1129000006,2887.112900000582,5,-0.006391701316916021
2024-10-25,232028.4279000006,3055.4279000005845,5,-0.0075820212231333395
2024-10-28,230655.4279000006,3055.4279000005845,5,-0.005917378367928827
2024-10-29,229288.4279000006,3055.4279000005845,5,-0.0059265893391100555
2024-10-30,226231.4279000006,3055.4279000005845,5,-0.013332552488576788
2024-10-31,223985.4279000006,3055.4279000005845,5,-0.009927886769970695
2024-11-01,227628.4279000006,3055.4279000005845,5,0.01626445092502382
2024-11-04,227866.4279000006,3055.4279000005845,5,0.0010455636064250484
2024-11-05,232046.4279000006,3055.4279000005845,5,0.01834408007586963
2024-11-06,230275.4279000006,3055.4279000005845,5,-0.007632093353159508
2024-11-07,237894.4279000006,3055.4279000005845,5,0.033086465496911854
2024-11-08,235444.8043000006,2834.8043000005855,5,-0.010297103726320533
2024-11-11,230878.8043000006,2834.8043000005855,5,-0.019393080316956413
2024-11-12,227545.8043000006,2834.8043000005855,5,-0.014436145449147175
2024-11-13,228530.8043000006,2834.8043000005855,5,0.004328798779789311
2024-11-14,229512.8043000006,2834.8043000005855,5,0.004297013713350006
2024-11-15,227919.8043000006,2834.8043000005855,5,-0.006940789228986777
2024-11-18,232187.8043000006,2834.8043000005855,5,0.0187258848045615
2024-11-19,231614.8043000006,2834.8043000005855,5,-0.0024678298747321525
2024-11-20,230615.8043000006,2834.8043000005855,5,-0.004313195795144553
2024-11-21,230978.8043000006,2834.8043000005855,5,0.0015740465017211047
2024-11-22,225756.7257000006,2891.7257000005993,5,-0.022608475335327505
2024-11-25,225425.7257000006,2891.7257000005993,5,-0.0014661800173335626
2024-11-26,227983.7257000006,2891.7257000005993,5,0.011347418277380728
2024-11-27,230115.7257000006,2891.7257000005993,5,0.009351544692297376
2024-11-28,229403.7257000006,2891.7257000005993,5,-0.0030940953636876545
2024-11-29,229076.7257000006,2891.7257000005993,5,-0.001425434565206829
2024-12-02,229391.7257000006,2891.7257000005993,5,0.0013750851337579473
2024-12-03,232478.7257000006,2891.7257000005993,5,0.01345732933731525
2024-12-04,234180.7257000006,2891.7257000005993,5,0.007321100005496017
2024-12-05,232912.7257000006,2891.7257000005993,5,-0.0054146215330478364
2024-12-06,235779.7257000006,2891.7257000005993,5,0.012309331709478233
2024-12-09,237728.7257000006,2891.7257000005993,5,0.008266189954261982
2024-12-10,239285.7257000006,2891.7257000005993,5,0.006549481958544767
2024-12-11,236251.7257000006,2891.7257000005993,5,-0.012679402380248228
2024-12-12,239317.7257000006,2891.7257000005993,5,0.012977682981640148
2024-12-13,235596.7257000006,2891.7257000005993,5,-0.015548367715413236
2024-12-16,238445.7257000006,2891.7257000005993,5,0.012092697772157601
2024-12-17,238734.7257000006,2891.7257000005993,5,0.0012120158545581017
2024-12-18,239566.7257000006,2891.7257000005993,5,0.0034850397132653033
2024-12-19,237455.7257000006,2891.7257000005993,5,-0.008811741254265537
2024-12-20,237469.2641000006,2862.2641000006042,5,5.701441799343954e-05
2024-12-23,242846.2641000006,2862.2641000006042,5,0.02264293031933473
2024-12-24,247169.2641000006,2862.2641000006042,5,0.017801385646269763
2024-12-25,251683.2641000006,2862.2641000006042,5,0.018262788524440854
2024-12-26,251227.2641000006,2862.2641000006042,5,-0.0018118010414026609
2024-12-27,251154.6351000006,6250.635100000603,5,-0.0002890968074671374
2024-12-30,253586.6351000006,6250.635100000603,5,0.009683277392159795
2024-12-31,251777.6351000006,6250.635100000603,5,-0.007133656705869518
2025-01-02,244762.6351000006,6250.635100000603,5,-0.027861886927382562
2025-01-03,243906.6351000006,6250.635100000603,5,-0.003497265829199292
2025-01-06,244446.6351000006,6250.635100000603,5,0.002213961911198492
2025-01-07,244321.6351000006,6250.635100000603,5,-0.0005113590536800494
2025-01-08,245802.6351000006,6250.635100000603,5,0.0060616817638512455
2025-01-09,242092.6351000006,6250.635100000603,5,-0.015093410200792357
2025-01-10,239732.6351000006,6250.635100000603,5,-0.009748334553941196
2025-01-13,238009.1171000006,3108.117100000607,5,-0.007189334064930497
2025-01-14,241817.1171000006,3108.117100000607,5,0.015999387109192353
2025-01-15,241346.1171000006,3108.117100000607,5,-0.0019477529367998292
2025-01-16,242877.1171000006,3108.117100000607,5,0.006343586623213104
2025-01-17,242776.1171000006,3108.117100000607,5,-0.00041584815072726045
2025-01-20,241796.36730000062,2789.3673000006165,5,-0.004035610305096138
2025-01-21,240389.36730000062,2789.3673000006165,5,-0.005818945982154933
2025-01-22,238814.36730000062,2789.3673000006165,5,-0.006551870482833899
2025-01-23,241826.36730000062,2789.3673000006165,5,0.012612306512598925
2025-01-24,240938.36730000062,2789.3673000006165,5,-0.003672056152993375
2025-01-27,244559.75780000063,3039.757800000625,5,0.015030360421969924
2025-02-05,239436.75780000063,3039.757800000625,5,-0.020947845410402954
2025-02-06,240395.75780000063,3039.757800000625,5,0.004005232984323426
2025-02-07,241426.75780000063,3039.757800000625,5,0.0042887612054192115
2025-02-10,241126.75780000063,3039.757800000625,5,-0.0012426128848920248
2025-02-11,242656.6047000006,3046.6047000006292,5,0.006344575417336573
2025-02-12,243773.60470000064,3046.6047000006292,5,0.00460321284632248
2025-02-13,243280.60470000064,3046.6047000006292,5,-0.0020223682568369927
2025-02-14,243728.60470000064,3046.6047000006292,5,0.001841494929496923
2025-02-17,243109.60470000064,3046.6047000006292,5,-0.0025397101040393055
2025-02-18,242532.08470000065,2963.0847000006324,5,-0.002375554025159321
2025-02-19,241374.08470000065,2963.0847000006324,5,-0.004774626010543681
2025-02-20,240572.08470000065,2963.0847000006324,5,-0.003322643360809785
2025-02-21,240530.08470000065,2963.0847000006324,5,-0.00017458384688473494
2025-02-24,239997.08470000065,2963.0847000006324,5,-0.0022159390192906248
2025-02-25,237119.53330000065,3165.533300000636,5,-0.011989943142838522
2025-02-26,238648.53330000065,3165.533300000636,5,0.00644822456725036
2025-02-27,240370.53330000065,3165.533300000636,5,0.007215632026681185
2025-02-28,237756.53330000062,3165.533300000636,5,-0.01087487706630641
2025-03-03,236745.53330000062,3165.533300000636,5,-0.004252249080046622
2025-03-04,235392.53330000065,3165.533300000636,5,-0.005714996946892592
2025-03-05,237453.53330000065,3165.533300000636,5,0.008755587830703737
2025-03-06,237730.53330000065,3165.533300000636,5,0.0011665440229522428
2025-03-07,236877.53330000065,3165.533300000636,5,-0.0035880961025884783
2025-03-10,234881.53330000065,3165.533300000636,5,-0.00842629510782733
2025-03-11,235194.74750000064,3185.7475000006307,5,0.0013334986177901964
2025-03-12,234757.74750000064,3185.7475000006307,5,-0.0018580346910170853
2025-03-13,235781.74750000064,3185.7475000006307,5,0.004361943368876409
2025-03-14,240331.74750000064,3185.7475000006307,5,0.019297507327194596
2025-03-17,242022.74750000064,3185.7475000006307,5,0.007036107453926688
2025-03-18,243155.96090000065,3433.960900000631,5,0.004682259877245576
2025-03-19,242674.96090000065,3433.960900000631,5,-0.001978154260416476
2025-03-20,241469.96090000065,3433.960900000631,5,-0.004965489622543062
2025-03-21,240142.96090000065,3433.960900000631,5,-0.005495507578060832
2025-03-24,241280.96090000065,3433.960900000631,5,0.004738843877559518
2025-03-25,242962.02490000063,3028.024900000637,5,0.0069672467886792155
2025-03-26,242663.02490000063,3028.024900000637,5,-0.0012306449953364273
2025-03-27,244039.02490000063,3028.024900000637,5,0.005670414767833032
2025-03-28,242578.02490000063,3028.024900000637,5,-0.005986747408938675
2025-03-31,244870.02490000063,3028.024900000637,5,0.009448506314390315
2025-04-01,242789.02490000063,3028.024900000637,5,-0.008498386034998862
2025-04-02,243891.02490000063,3028.024900000637,5,0.004538920161048843
2025-04-03,245174.02490000066,3028.024900000637,5,0.005260546182566994
2025-04-07,233590.02490000063,3028.024900000637,5,-0.04724807207747561
2025-04-08,237888.02490000063,3028.024900000637,5,0.0183997583023503
2025-04-09,235847.02490000063,3028.024900000637,5,-0.008579666844760081
2025-04-10,235781.02490000063,3028.024900000637,5,-0.00027984241068113036
2025-04-11,236843.02490000063,3028.024900000637,5,0.004504179250431228
2025-04-14,239231.02490000063,3028.024900000637,5,0.010082627516720288
2025-04-15,242531.02490000063,3028.024900000637,5,0.013794197476599823
2025-04-16,246247.02490000063,3028.024900000637,5,0.015321751110119575
2025-04-17,246432.02490000063,3028.024900000637,5,0.000751278112192999
2025-04-18,247800.02490000063,3028.024900000637,5,0.005551226552454436
2025-04-21,245770.02490000063,3028.024900000637,5,-0.008192089572304107
2025-04-22,249458.02490000063,3028.024900000637,5,0.015005898304728538
2025-04-23,248603.02490000063,3028.024900000637,5,-0.003427430327578085
2025-04-24,252279.02490000063,3028.024900000637,5,0.0147866261944265
2025-04-25,249493.02490000063,3028.024900000637,5,-0.011043327922740764
2025-04-28,251395.02490000063,3028.024900000637,5,0.007623459616806327
2025-04-29,250378.02490000063,3028.024900000637,5,-0.004045426119329676
2025-04-30,245237.02490000063,3028.024900000637,5,-0.020532952131295357
2025-05-06,244605.02490000063,3028.024900000637,5,-0.0025770986263502493
2025-05-07,249199.02490000063,3028.024900000637,5,0.018781298552137837
2025-05-08,248924.02490000063,3028.024900000637,5,-0.0011035356182086398
2025-05-09,250566.02490000063,3028.024900000637,5,0.006596390206448088
2025-05-12,251005.01060000062,3121.0106000006344,5,0.0017519761514961374
2025-05-13,253137.01060000062,3121.0106000006344,5,0.008493854345392071
2025-05-14,257196.01060000062,3121.0106000006344,5,0.016034794716027978
2025-05-15,255850.01060000062,3121.0106000006344,5,-0.005233362667095731
2025-05-16,252354.01060000062,3121.0106000006344,5,-0.013664255834117123
2025-05-19,251540.30830000064,3726.3083000006445,5,-0.003224447664078367
2025-05-20,251689.30830000064,3726.3083000006445,5,0.0005923503911042793
2025-05-21,252767.30830000064,3726.3083000006445,5,0.00428305837574583
2025-05-22,253569.30830000064,3726.3083000006445,5,0.003172878666129364
2025-05-23,250625.30830000064,3726.3083000006445,5,-0.01161023792562832
2025-05-26,249915.50200000065,3515.5020000006552,5,-0.002832141354018214
2025-05-27,250719.50200000065,3515.5020000006552,5,0.0032170873497874286
2025-05-28,251014.50200000065,3515.5020000006552,5,0.0011766136963689
2025-05-29,250493.50200000065,3515.5020000006552,5,-0.002075577290749475
2025-05-30,250714.50200000065,3515.5020000006552,5,0.0008822584148311385
2025-06-03,252059.50200000065,3515.5020000006552,5,0.005364667736691198
2025-06-04,252266.50200000065,3515.5020000006552,5,0.0008212346622822331
2025-06-05,252932.50200000065,3515.5020000006552,5,0.0026400651482454407
2025-06-06,254116.50200000065,3515.5020000006552,5,0.004681090767844509
2025-06-09,253849.50200000068,3515.5020000006552,5,-0.001050699178914316
2025-06-10,254582.50200000065,3515.5020000006552,5,0.0028875376718286994
2025-06-11,256515.50200000065,3515.5020000006552,5,0.007592823484781297
2025-06-12,257033.50200000068,3515.5020000006552,5,0.0020193711333673647
2025-06-13,255701.50200000065,3515.5020000006552,5,-0.00518220383582535
2025-06-16,257160.50200000065,3515.5020000006552,5,0.005705871841143795
2025-06-17,258486.92560000066,2624.925600000657,5,0.005157960066511258
2025-06-18,258802.92560000066,2624.925600000657,5,0.0012224989688220944
2025-06-19,258306.92560000066,2624.925600000657,5,-0.0019165162018555115
2025-06-20,259139.92560000066,2624.925600000657,5,0.003224845784003172
2025-06-23,261619.92560000066,2624.925600000657,5,0.009570119286937073
2025-06-24,264325.8881000007,2597.8881000006586,5,0.010343105532937269
2025-06-25,264908.8881000007,2597.8881000006586,5,0.002205610673213565
2025-06-26,265511.8881000007,2597.8881000006586,5,0.002276254316436521
2025-06-27,259515.88810000065,2597.8881000006586,5,-0.022582792969864096
2025-06-30,259948.88810000065,2597.8881000006586,5,0.0016684912941944408
2025-07-01,261509.61870000066,4016.6187000006685,5,0.0060039902898127995
2025-07-02,262046.61870000066,4016.6187000006685,5,0.0020534617528391585
2025-07-03,259500.6187000007,4016.6187000006685,5,-0.009715828475980848
2025-07-04,262000.6187000007,4016.6187000006685,5,0.009633888398894896
2025-07-07,255921.61870000066,4016.6187000006685,5,-0.023202235285408546
2025-07-08,256502.9581000007,3323.95810000068,5,0.0022715525282821503
2025-07-09,257346.9581000007,3323.95810000068,5,0.0032904103962456688
2025-07-10,260465.9581000007,3323.95810000068,5,0.012119824625197229
2025-07-11,259221.9581000007,3323.95810000068,5,-0.0047760559924010515
2025-07-14,259841.9581000007,3323.95810000068,5,0.002391772689877003
2025-07-15,259130.5881000007,7099.588100000707,5,-0.0027377025835304547
2025-07-16,258770.5881000007,7099.588100000707,5,-0.0013892609229948505
2025-07-17,256289.5881000007,7099.588100000707,5,-0.009587642931975005
2025-07-18,257745.5881000007,7099.588100000707,5,0.005681073549628213
2025-07-21,259285.5881000007,7099.588100000707,5,0.0059748840372100265
2025-07-22,258143.3511000007,6999.351100000706,5,-0.004405323907009651
2025-07-23,259363.3511000007,6999.351100000706,5,0.004726056258281819
2025-07-24,256737.3511000007,6999.351100000706,5,-0.010124792068203603
2025-07-25,254199.3511000007,6999.351100000706,5,-0.00988558925737082
2025-07-28,254786.3511000007,6999.351100000706,5,0.0023092112448748203
2025-07-29,253454.6571000007,2665.6571000007098,5,-0.005226708551108072
2025-07-30,256100.6571000007,2665.6571000007098,5,0.010439737151706874
2025-07-31,255371.6571000007,2665.6571000007098,5,-0.0028465370149961533
2025-08-01,253721.6571000007,2665.6571000007098,5,-0.006461171215072947
2025-08-04,254748.6571000007,2665.6571000007098,5,0.004047742757707251
2025-08-05,259068.6571000007,2665.6571000007098,5,0.01695789115898738
2025-08-06,259995.6571000007,2665.6571000007098,5,0.003578202050285695
2025-08-07,261384.6571000007,2665.6571000007098,5,0.005342396928829318
2025-08-08,260676.6571000007,2665.6571000007098,5,-0.0027086517160382906
2025-08-11,258176.6571000007,2665.6571000007098,5,-0.009590425271722602
2025-08-12,260898.6221000007,3369.6221000007135,5,0.0105430329394407
2025-08-13,258227.6221000007,3369.6221000007135,5,-0.010237693010798021
2025-08-14,258373.6221000007,3369.6221000007135,5,0.0005653926516948626
2025-08-15,256222.62210000074,3369.6221000007135,5,-0.008325153251005801
2025-08-18,255879.6221000007,3369.6221000007135,5,-0.0013386796106792387
2025-08-19,254187.06960000072,3303.0696000007156,5,-0.0066146435816546445
2025-08-20,255660.06960000072,3303.0696000007156,5,0.005794944653628509
2025-08-21,257805.06960000072,3303.0696000007156,5,0.00839004700012791
2025-08-22,258023.06960000072,3303.0696000007156,5,0.0008456001285710446
2025-08-25,259299.06960000072,3303.0696000007156,5,0.004945294240465081
2025-08-26,256980.2942000007,3691.294200000717,5,-0.008942474817117518
2025-08-27,253369.2942000007,3691.294200000717,5,-0.014051661086470935
2025-08-28,253428.2942000007,3691.294200000717,5,0.00023286168194247558
2025-08-29,254074.2942000007,3691.294200000717,5,0.00254904450207194
2025-09-01,251311.29420000073,3691.294200000717,5,-0.010874771919370252
2025-09-02,256283.08920000074,6533.08920000073,5,0.01978341250371063
2025-09-03,253237.08920000074,6533.08920000073,5,-0.011885294537022473
2025-09-04,257590.08920000074,6533.08920000073,5,0.017189425189459984
2025-09-05,253308.08920000074,6533.08920000073,5,-0.01662331036608833
2025-09-08,251806.08920000074,6533.08920000073,5,-0.005929538234422882
2025-09-09,252394.49920000072,3470.4992000007333,5,0.002336758423393981
2025-09-10,252554.49920000072,3470.4992000007333,5,0.0006339282373710731
2025-09-11,252655.49920000072,3470.4992000007333,5,0.00039991368326419696
2025-09-12,250853.49920000072,3470.4992000007333,5,-0.007132241355148783
2025-09-15,249642.49920000072,3470.4992000007333,5,-0.004827518866039382
2025-09-16,247275.89000000074,3396.8900000007416,5,-0.009479993220641414
2025-09-17,246200.89000000074,3396.8900000007416,5,-0.00434737086579684
2025-09-18,240853.89000000074,3396.8900000007416,5,-0.021718036843814792
2025-09-19,237967.89000000074,3396.8900000007416,5,-0.011982368231627905
2025-09-22,235873.89000000074,3396.8900000007416,5,-0.008799506521657174
2025-09-23,238673.05520000076,2910.0552000007447,5,0.011867210906641779
2025-09-24,237324.05520000076,2910.0552000007447,5,-0.005652083344177994
2025-09-25,236984.05520000076,2910.0552000007447,5,-0.0014326402762394608
2025-09-26,238102.05520000076,2910.0552000007447,5,0.004717616968181515
2025-09-29,238391.05520000076,2910.0552000007447,5,0.0012137652476675864
2025-09-30,237288.05520000076,2910.0552000007447,5,-0.004626851452436576
2025-10-09,239448.05520000076,2910.0552000007447,5,0.009102860226906095
2025-10-10,240480.05520000073,2910.0552000007447,5,0.00430991180587359
2025-10-13,240364.05520000076,2910.0552000007447,5,-0.0004823684854176058
2025-10-14,245597.05520000076,2910.0552000007447,5,0.021771142093794937
2025-10-15,246889.94200000074,2821.942000000745,5,0.00526426018808368
2025-10-16,253111.94200000074,2821.942000000745,5,0.0252015126642946
2025-10-17,251028.94200000074,2821.942000000745,5,-0.008229560342119302
2025-10-20,255644.94200000074,2821.942000000745,5,0.018388317949409982
2025-10-21,259132.94200000074,2821.942000000745,5,0.013643923375569855
2025-10-22,263153.59670000075,3001.5967000007513,5,0.01551579922247015
2025-10-23,265095.59670000075,3001.5967000007513,5,0.007379720529580691
2025-10-24,264737.59670000075,3001.5967000007513,5,-0.0013504562295885147
2025-10-27,268127.59670000075,3001.5967000007513,5,0.012805132486873427
2025-10-28,269290.59670000075,3001.5967000007513,5,0.004337487130432249
2025-10-29,266205.07830000075,3184.0783000007577,5,-0.011457950770696113
2025-10-30,265647.07830000075,3184.0783000007577,5,-0.002096128306655176
2025-10-31,262947.07830000075,3184.0783000007577,5,-0.010163861079438785
2025-11-03,267385.07830000075,3184.0783000007577,5,0.016877920943987768
2025-11-04,270123.07830000075,3184.0783000007577,5,0.01023991322705009
2025-11-05,269404.36600000074,5656.3660000007585,5,-0.0026606845461822903
2025-11-06,270179.36600000074,5656.3660000007585,5,0.0028767165562566532
2025-11-07,270153.36600000074,5656.3660000007585,5,-9.623236735256668e-05
2025-11-10,273155.36600000074,5656.3660000007585,5,0.011112206538266722
2025-11-11,273538.36600000074,5656.3660000007585,5,0.0014021324406272573
2025-11-12,277193.6352000008,3007.635200000761,5,0.01336291231629283
2025-11-13,276226.6352000008,3007.635200000761,5,-0.00348853608886901
2025-11-14,275683.6352000008,3007.635200000761,5,-0.0019657771221331943
2025-11-17,274245.6352000007,3007.635200000761,5,-0.005216123905783632
2025-11-18,273560.6352000007,3007.635200000761,5,-0.002497760810305838
2025-11-19,277831.71940000076,3251.7194000007585,5,0.01561293421064569
2025-11-20,277372.71940000076,3251.7194000007585,5,-0.001652079183007804
2025-11-21,274391.71940000076,3251.7194000007585,5,-0.010747271780903178
2025-11-24,272685.71940000076,3251.7194000007585,5,-0.00621738878902911
2025-11-25,274810.71940000076,3251.7194000007585,5,0.007792854003046745
2025-11-26,271530.6194000008,4244.619400000753,5,-0.01193585172791467
2025-11-27,274527.6194000008,4244.619400000753,5,0.011037429246920416
2025-11-28,272324.6194000008,4244.619400000753,5,-0.008024693489182666
2025-12-01,273286.6194000008,4244.619400000753,5,0.0035325487725623717
2025-12-02,274287.6194000008,4244.619400000753,5,0.0036628211150537826
2025-12-03,273061.76800000074,3079.7680000007604,5,-0.004469218853849766
2025-12-04,273155.7680000008,3079.7680000007604,5,0.0003442444568075853
2025-12-05,274078.76800000074,3079.7680000007604,5,0.0033790243814288967
2025-12-08,273036.76800000074,3079.7680000007604,5,-0.003801826779956885
2025-12-09,273249.76800000074,3079.7680000007604,5,0.0007801147133414954
2025-12-10,269633.33100000076,4715.331000000762,5,-0.013234913341262033
2025-12-11,271675.33100000076,4715.331000000762,5,0.00757324768576173
2025-12-12,269279.33100000076,4715.331000000762,5,-0.008819350624072686
2025-12-15,267188.33100000076,4715.331000000762,5,-0.007765170806964039
2025-12-16,265704.33100000076,4715.331000000762,5,-0.005554134772450037
2025-12-17,267665.27050000074,2845.2705000007627,5,0.007380156328727461
2025-12-18,270958.2705000008,2845.2705000007627,5,0.012302679364598612
2025-12-19,269395.27050000074,2845.2705000007627,5,-0.005768415915542446
2025-12-22,269629.2705000008,2845.2705000007627,5,0.0008686121310361727
2025-12-23,271424.2705000008,2845.2705000007627,5,0.0066572890868685786
2025-12-24,270552.80780000077,3190.8078000007663,5,-0.003210702927909481
2025-12-25,270525.80780000077,3190.8078000007663,5,-9.979567471340989e-05
2025-12-26,269198.80780000077,3190.8078000007663,5,-0.004905262129301313
2025-12-29,270387.80780000077,3190.8078000007663,5,0.004416810050969389
2025-12-30,269907.80780000077,3190.8078000007663,5,-0.0017752279731305665
2025-12-31,272080.47810000076,2653.478100000779,5,0.008049675619646868
2026-01-05,271988.47810000076,2653.478100000779,5,-0.00033813524822678964
2026-01-06,273842.47810000076,2653.478100000779,5,0.006816465215553569
2026-01-07,271625.47810000076,2653.478100000779,5,-0.00809589518537146
2026-01-08,268504.47810000076,2653.478100000779,5,-0.01149008562021192
2026-01-09,268571.8197000008,3176.8197000007785,5,0.0002508025209730924
2026-01-12,270640.81970000075,3176.8197000007785,5,0.007703712185109568
2026-01-13,275050.8197000008,3176.8197000007785,5,0.016294659485913687
2026-01-14,270032.8197000008,3176.8197000007785,5,-0.0182439012742196
2026-01-15,268310.8197000008,3176.8197000007785,5,-0.006377002624766481
2026-01-16,264531.8197000008,3176.8197000007785,5,-0.014084411520285722
2026-01-19,263513.8197000008,3176.8197000007785,5,-0.003848308309958637
2026-01-20,266207.8197000008,3176.8197000007785,5,0.010223372736454683
2026-01-21,262557.8197000008,3176.8197000007785,5,-0.01371109234925294
2026-01-22,260000.81970000078,3176.8197000007785,5,-0.00973880725747056
2026-01-23,255753.81970000078,3176.8197000007785,5,-0.016334563886761466
2026-01-26,260830.81970000078,3176.8197000007785,5,0.019851120917589116
2026-01-27,263055.8197000008,3176.8197000007785,5,0.008530433644916569
2026-01-28,263201.8197000008,3176.8197000007785,5,0.0005550152821804932
2026-01-29,265939.8197000008,3176.8197000007785,5,0.010402663640854737
2026-01-30,265776.8162000008,2725.816200000787,5,-0.0006129337839811955
2026-02-02,265283.8162000008,2725.816200000787,5,-0.0018549398214967594
2026-02-03,261634.8162000008,2725.816200000787,5,-0.013755079568250062
2026-02-04,264019.8162000008,2725.816200000787,5,0.009115759265681422
2026-02-05,264154.8162000008,2725.816200000787,5,0.0005113252555926096
2026-02-06,262918.8162000008,2725.816200000787,5,-0.0046790742556978016
2026-02-09,265334.8162000008,2725.816200000787,5,0.009189148326919971
2026-02-10,266272.8162000008,2725.816200000787,5,0.0035351561224929995
2026-02-11,266037.8162000008,2725.816200000787,5,-0.0008825534778716948
2026-02-12,262181.8162000008,2725.816200000787,5,-0.014494180019509528
2026-02-13,259325.8162000008,2725.816200000787,5,-0.010893203965836373
2026-02-24,258076.8162000008,2725.816200000787,5,-0.004816334980844106
2026-02-25,257522.8162000008,2725.816200000787,5,-0.002146647684814429
2026-02-26,255185.8162000008,2725.816200000787,5,-0.009074924057156153
2026-02-27,254965.8162000008,2725.816200000787,5,-0.000862116881243824
2026-03-02,256081.8096000008,3237.8096000007936,5,0.004377031464973369
2026-03-03,260328.8096000008,3237.8096000007936,5,0.01658454384805319
2026-03-04,257549.8096000008,3237.8096000007936,5,-0.010674961423862261
2026-03-05,259593.8096000008,3237.8096000007936,5,0.007936328911190227
2026-03-06,260125.8096000008,3237.8096000007936,5,0.0020493554943383785
2026-03-09,258407.5655000008,5477.565500000805,5,-0.006605434895684326
2026-03-10,257925.5655000008,5477.565500000805,5,-0.0018652704655429675
2026-03-11,259574.5655000008,5477.565500000805,5,0.006393317377450858
2026-03-12,259921.5655000008,5477.565500000805,5,0.001336802777003987
2026-03-13,260568.5655000008,5477.565500000805,5,0.002489212462057022
2026-03-16,261796.5655000008,5477.565500000805,5,0.004712771080592981
2026-03-17,267066.5655000008,5477.565500000805,5,0.020130134212933193
2026-03-18,267897.56550000084,5477.565500000805,5,0.0031115838047501843
2026-03-19,268792.56550000084,5477.565500000805,5,0.003340829164795167
2026-03-20,267587.56550000084,5477.565500000805,5,-0.004483010896370931
2026-03-23,257464.92530000082,3802.9253000008175,5,-0.03782926228685313
2026-03-24,259031.92530000082,3802.9253000008175,5,0.006086265918257006
2026-03-25,260959.92530000082,3802.9253000008175,5,0.007443097980170066
2026-03-26,257892.92530000082,3802.9253000008175,5,-0.011752762407768791
2026-03-27,257174.92530000082,3802.9253000008175,5,-0.002784101189145738
2026-03-30,258630.92530000082,3802.9253000008175,5,0.00566151617737054
2026-03-31,261748.92530000082,3802.9253000008175,5,0.012055789524718419
2026-04-01,262724.9253000008,3802.9253000008175,5,0.0037287641157699447
2026-04-02,264074.9253000008,3802.9253000008175,5,0.005138454215786625
2026-04-03,260239.92530000082,3802.9253000008175,5,-0.014522393580697845
2026-04-07,257610.40050000083,3281.4005000008256,5,-0.010104232841938843
2026-04-08,260899.40050000083,3281.4005000008256,5,0.012767341666393595
2026-04-09,258592.40050000083,3281.4005000008256,5,-0.008842488697094586
2026-04-10,260274.40050000083,3281.4005000008256,5,0.006504444820295552
2026-04-13,260961.40050000083,3281.4005000008256,5,0.002639521976345982
2026-04-14,262680.0787000008,6431.078700000835,5,0.006585947947501003
2026-04-15,265303.0787000008,6431.078700000835,5,0.009985530737546489
2026-04-16,266017.0787000008,6431.078700000835,5,0.002691261644978349
2026-04-17,265421.0787000008,6431.078700000835,5,-0.0022404576537438103
2026-04-20,269690.0787000008,6431.078700000835,5,0.016083877063980845
2026-04-21,269733.8481000008,3442.8481000008323,5,0.00016229518049382108
2026-04-22,266931.8481000008,3442.8481000008323,5,-0.010388017743183653
2026-04-23,268402.8481000008,3442.8481000008323,5,0.005510769922998815
2026-04-24,268794.8481000008,3442.8481000008323,5,0.0014604912085505184
2026-04-27,266945.8481000008,3442.8481000008323,5,-0.006878852080201003
2026-04-28,268677.43100000086,6791.431000000848,5,0.006486644809517106
2026-04-29,266263.43100000086,6791.431000000848,5,-0.008984751681655023
2026-04-30,265879.43100000086,6791.431000000848,5,-0.0014421807702162948
2026-05-06,264778.43100000086,6791.431000000848,5,-0.004140974711202783
2026-05-07,266447.43100000086,6791.431000000848,5,0.006303383525979145
2026-05-08,265907.68340000085,9072.683400000838,5,-0.0020257189118855212
2026-05-11,265351.68340000085,9072.683400000838,5,-0.0020909512387561335
2026-05-12,266158.68340000085,9072.683400000838,5,0.003041246958224386
2026-05-13,263095.68340000085,9072.683400000838,5,-0.011508172346181622
2026-05-14,263825.68340000085,9072.683400000838,5,0.0027746559372094914
2026-05-15,263835.8189900009,3287.1189900008467,5,3.8417753227770746e-05
2026-05-18,261752.81899000087,3287.1189900008467,5,-0.007895061436214434
2026-05-19,262765.8189900009,3287.1189900008467,5,0.003870063382349631
2026-05-20,259520.81899000087,3287.1189900008467,5,-0.012349399219704016
2026-05-21,259524.81899000087,3287.1189900008467,5,1.5413021643428948e-05
2026-05-22,258005.81899000087,3287.1189900008467,5,-0.00585300475658368
2026-05-25,256042.81899000087,3287.1189900008467,5,-0.007608355531221855
2026-05-26,256539.81899000087,3287.1189900008467,5,0.0019410815814342453
2026-05-27,253161.81899000087,3287.1189900008467,5,-0.01316754651694696
2026-05-28,250712.81899000087,3287.1189900008467,5,-0.009673654620473093
2026-05-29,253884.16248000084,2786.162480000843,5,0.012649307294201328
2026-06-01,256543.16248000084,2786.162480000843,5,0.0104732803103047
2026-06-02,256035.16248000084,2786.162480000843,5,-0.0019801736093418842
2026-06-03,255323.16248000084,2786.162480000843,5,-0.002780868038215756
2026-06-04,252632.16248000084,2786.162480000843,5,-0.010539584320755746
2026-06-05,255329.16248000084,2786.162480000843,5,0.010675600341320424
2026-06-08,260604.16248000084,2786.162480000843,5,0.020659606402825936
2026-06-09,258311.16248000084,2786.162480000843,5,-0.008798785016244537
2026-06-10,261462.16248000084,2786.162480000843,5,0.012198466259637275
2026-06-11,261654.16248000084,2786.162480000843,5,0.0007343318749406524
2026-06-12,264054.3992800008,3037.399280000842,5,0.009173317853039764
2026-06-15,257488.39928000083,3037.399280000842,5,-0.024866088267809783
2026-06-16,255531.39928000083,3037.399280000842,5,-0.007600342405608362
2026-06-17,253479.39928000083,3037.399280000842,5,-0.008030324280232648
2026-06-18,248681.39928000083,3037.399280000842,5,-0.018928559928848454
2026-06-22,251304.54158000083,2909.5415800008413,5,0.010548204681149143
2026-06-23,255712.54158000083,2909.5415800008413,5,0.01754047090548405
2026-06-24,249594.54158000083,2909.5415800008413,5,-0.023925302850607122
2026-06-25,245222.54158000083,2909.5415800008413,5,-0.017516408701584774
2026-06-26,244116.54158000083,2909.5415800008413,5,-0.004510188960908268
