date,code,action,shares,price,cost,commission,reason,pnl
2025-07-08 00:00:00,600089,BUY,1500,12.35,18543.524999999998,5.563057499999998,AUTO,
2025-07-08 00:00:00,600176,BUY,1500,12.35,18543.524999999998,5.563057499999998,AUTO,
2025-07-08 00:00:00,600031,BUY,600,18.81,11297.285999999998,3.389185799999999,AUTO,
2025-07-08 00:00:00,600515,BUY,5100,3.65,18633.614999999998,5.590084499999999,AUTO,
2025-07-08 00:00:00,601868,BUY,8300,2.25,18693.674999999996,5.608102499999998,AUTO,
2025-07-08 00:00:00,000617,BUY,2100,8.6,18078.059999999998,5.423417999999999,AUTO,
2025-07-08 00:00:00,300316,BUY,400,28.0,11211.199999999999,3.3633599999999992,AUTO,
2025-07-08 00:00:00,000157,BUY,1800,6.92,12468.455999999998,3.740536799999999,AUTO,
2025-07-08 00:00:00,601012,BUY,1100,16.47,18135.117,5.440535099999999,AUTO,
2025-07-08 00:00:00,000425,BUY,1500,8.26,12402.39,3.7207169999999996,AUTO,
2025-07-08 00:00:00,601138,BUY,700,25.73,18029.011,5.408703299999999,AUTO,
2025-07-08 00:00:00,300274,BUY,200,72.94,14602.587999999998,4.380776399999999,AUTO,
2025-07-11 00:00:00,000617,TAKE_PROFIT,600,9.61,7.49,,,0.1174
2025-07-21 00:00:00,601868,TAKE_PROFIT,2400,2.52,7.85,,,0.12
2025-07-22 00:00:00,000157,TAKE_PROFIT,500,7.89,5.12,,,0.1402
2025-07-22 00:00:00,000425,TAKE_PROFIT,400,9.15,4.75,,,0.1077
2025-07-22 00:00:00,600031,TAKE_PROFIT,100,20.94,2.72,,,0.1132
2025-07-22 00:00:00,600089,TAKE_PROFIT,400,14.44,7.5,,,0.1692
2025-07-22 00:00:00,601868,TAKE_PROFIT,1700,2.78,6.14,,,0.2356
2025-07-24 00:00:00,600515,TAKE_PROFIT,1500,4.14,8.06,,,0.1342
2025-07-24 00:00:00,601868,TAKE_PROFIT,4200,2.98,16.25,,,0.3244
2025-07-28 00:00:00,601138,TAKE_PROFIT,200,28.84,7.49,,,0.1209
2025-07-29 00:00:00,000157,HOLDING_DECAY,400,7.39,3.84,,,0.0679
2025-07-29 00:00:00,000425,HOLDING_DECAY,400,8.58,4.46,,,0.0387
2025-07-29 00:00:00,000617,HOLDING_DECAY,500,9.71,6.31,,,0.1291
2025-07-29 00:00:00,300274,HOLDING_DECAY,100,74.6,9.69,,,0.0228
2025-07-29 00:00:00,300316,HOLDING_DECAY,200,29.13,7.57,,,0.0404
2025-07-29 00:00:00,600031,HOLDING_DECAY,200,19.93,5.18,,,0.0595
2025-07-29 00:00:00,600089,HOLDING_DECAY,400,14.02,7.28,,,0.1352
2025-07-29 00:00:00,600176,HOLDING_DECAY,500,12.49,8.11,,,0.0113
2025-07-29 00:00:00,600515,HOLDING_DECAY,1100,4.14,5.91,,,0.1342
2025-07-29 00:00:00,601012,HOLDING_DECAY,400,16.56,8.6,,,0.0055
2025-07-29 00:00:00,601138,HOLDING_DECAY,200,30.42,7.9,,,0.1823
2025-07-30 00:00:00,000157,HOLDING_DECAY,300,7.32,2.85,,,0.0578
2025-07-30 00:00:00,000425,HOLDING_DECAY,300,8.6,3.35,,,0.0412
2025-07-30 00:00:00,000617,HOLDING_DECAY,300,8.94,3.48,,,0.0395
2025-07-30 00:00:00,300274,HOLDING_DECAY,100,73.75,9.58,,,0.0111
2025-07-30 00:00:00,300316,HOLDING_DECAY,100,28.64,3.72,,,0.0229
2025-07-30 00:00:00,600031,HOLDING_DECAY,100,19.94,2.59,,,0.0601
2025-07-30 00:00:00,600089,HOLDING_DECAY,300,13.84,5.39,,,0.1206
2025-07-30 00:00:00,600176,HOLDING_DECAY,300,12.5,4.87,,,0.0121
2025-07-30 00:00:00,600515,HOLDING_DECAY,800,4.07,4.23,,,0.1151
2025-07-30 00:00:00,601012,HOLDING_DECAY,300,16.38,6.38,,,-0.0055
2025-07-30 00:00:00,601138,HOLDING_DECAY,100,32.46,4.22,,,0.2616
2025-07-31 00:00:00,601138,TAKE_PROFIT,200,34.42,8.94,,,0.3377
2025-07-31 00:00:00,000157,HOLDING_DECAY,200,7.18,1.86,,,0.0376
2025-07-31 00:00:00,000425,HOLDING_DECAY,200,8.38,2.18,,,0.0145
2025-07-31 00:00:00,000617,HOLDING_DECAY,300,8.61,3.35,,,0.0012
2025-07-31 00:00:00,300316,HOLDING_DECAY,100,27.81,3.61,,,-0.0068
2025-07-31 00:00:00,600031,HOLDING_DECAY,100,19.67,2.55,,,0.0457
2025-07-31 00:00:00,600089,HOLDING_DECAY,200,13.51,3.51,,,0.0939
2025-07-31 00:00:00,600176,HOLDING_DECAY,300,12.2,4.75,,,-0.0121
2025-07-31 00:00:00,600515,HOLDING_DECAY,600,3.93,3.06,,,0.0767
2025-07-31 00:00:00,601012,HOLDING_DECAY,200,15.76,4.09,,,-0.0431
2025-08-01 00:00:00,000157,HOLDING_DECAY,200,7.11,1.85,,,0.0275
2025-08-01 00:00:00,000425,HOLDING_DECAY,100,8.32,1.08,,,0.0073
2025-08-01 00:00:00,000617,HOLDING_DECAY,200,8.72,2.26,,,0.014
2025-08-01 00:00:00,600031,HOLDING_DECAY,100,19.52,2.54,,,0.0377
2025-08-01 00:00:00,600089,HOLDING_DECAY,100,13.4,1.74,,,0.085
2025-08-01 00:00:00,600176,HOLDING_DECAY,200,12.16,3.16,,,-0.0154
2025-08-01 00:00:00,600515,HOLDING_DECAY,400,3.91,2.03,,,0.0712
2025-08-01 00:00:00,601012,HOLDING_DECAY,100,15.92,2.07,,,-0.0334
2025-08-04 00:00:00,000157,HOLDING_DECAY,100,7.11,0.92,,,0.0275
2025-08-04 00:00:00,000425,HOLDING_DECAY,100,8.33,1.08,,,0.0085
2025-08-04 00:00:00,000617,HOLDING_DECAY,100,8.43,1.09,,,-0.0198
2025-08-04 00:00:00,600089,HOLDING_DECAY,100,13.33,1.73,,,0.0794
2025-08-04 00:00:00,600176,HOLDING_DECAY,100,12.11,1.57,,,-0.0194
2025-08-04 00:00:00,600515,HOLDING_DECAY,300,3.93,1.53,,,0.0767
2025-08-04 00:00:00,601012,HOLDING_DECAY,100,15.78,2.05,,,-0.0419
2025-08-05 00:00:00,000157,HOLDING_DECAY,100,7.15,0.93,,,0.0332
2025-08-05 00:00:00,000617,HOLDING_DECAY,100,8.44,1.1,,,-0.0186
2025-08-05 00:00:00,600176,HOLDING_DECAY,100,12.2,1.58,,,-0.0121
2025-08-05 00:00:00,600515,HOLDING_DECAY,200,3.93,1.02,,,0.0767
2025-08-05 00:00:00,600515,SELL,200,3.93,1.02,,,0.0767
2025-08-05 00:00:00,600161,BUY,900,20.9,18828.809999999998,5.648642999999999,AUTO,
2025-08-05 00:00:00,600522,BUY,1400,14.25,19969.949999999997,5.9909849999999985,AUTO,
2025-08-05 00:00:00,601059,BUY,1100,17.39,19148.129,5.7444387,AUTO,
2025-08-05 00:00:00,002027,BUY,2600,7.63,19857.837999999996,5.9573513999999985,AUTO,
2025-08-05 00:00:00,601288,BUY,2100,6.32,13285.271999999999,3.9855815999999993,AUTO,
2025-08-05 00:00:00,002415,BUY,700,28.34,19857.837999999996,5.9573513999999985,AUTO,
2025-08-05 00:00:00,600066,BUY,800,24.17,19355.336,5.806600799999999,AUTO,
2025-08-05 00:00:00,601658,BUY,2300,5.72,13169.155999999997,3.950746799999999,AUTO,
2025-08-05 00:00:00,601998,BUY,1600,8.24,13197.184,3.9591551999999997,AUTO,
2025-08-05 00:00:00,601988,BUY,2400,5.54,13309.295999999998,3.992788799999999,AUTO,
2025-08-05 00:00:00,600803,BUY,1000,18.65,18668.649999999994,5.6005949999999975,AUTO,
2025-08-05 00:00:00,603195,BUY,400,47.78,19131.111999999997,5.739333599999998,AUTO,
2025-08-21 00:00:00,601288,TAKE_PROFIT,600,6.98,5.44,,,0.1044
2025-08-22 00:00:00,601059,TAKE_PROFIT,300,19.67,7.66,,,0.1311
2025-08-25 00:00:00,600522,TAKE_PROFIT,400,15.85,8.23,,,0.1123
2025-08-26 00:00:00,002027,HOLDING_DECAY,800,8.08,8.39,,,0.059
2025-08-26 00:00:00,002415,HOLDING_DECAY,300,30.22,11.77,,,0.0663
2025-08-26 00:00:00,600066,HOLDING_DECAY,300,25.87,10.08,,,0.0703
2025-08-26 00:00:00,600161,HOLDING_DECAY,300,20.46,7.97,,,-0.0211
2025-08-26 00:00:00,600522,HOLDING_DECAY,300,15.98,6.23,,,0.1214
2025-08-26 00:00:00,600803,HOLDING_DECAY,300,18.68,7.28,,,0.0016
2025-08-26 00:00:00,601059,HOLDING_DECAY,300,19.42,7.57,,,0.1167
2025-08-26 00:00:00,601288,HOLDING_DECAY,500,7.03,4.56,,,0.1123
2025-08-26 00:00:00,601658,HOLDING_DECAY,700,6.13,5.57,,,0.0717
2025-08-26 00:00:00,601988,HOLDING_DECAY,800,5.55,5.77,,,0.0018
2025-08-26 00:00:00,601998,HOLDING_DECAY,500,7.83,5.08,,,-0.0498
2025-08-26 00:00:00,603195,HOLDING_DECAY,200,49.05,12.74,,,0.0266
2025-08-27 00:00:00,002027,HOLDING_DECAY,600,8.01,6.24,,,0.0498
2025-08-27 00:00:00,002415,HOLDING_DECAY,200,29.8,7.74,,,0.0515
2025-08-27 00:00:00,600066,HOLDING_DECAY,200,25.29,6.57,,,0.0463
2025-08-27 00:00:00,600161,HOLDING_DECAY,200,20.06,5.21,,,-0.0402
2025-08-27 00:00:00,600522,HOLDING_DECAY,300,15.76,6.14,,,0.106
2025-08-27 00:00:00,600803,HOLDING_DECAY,300,18.38,7.16,,,-0.0145
2025-08-27 00:00:00,601059,HOLDING_DECAY,200,18.75,4.87,,,0.0782
2025-08-27 00:00:00,601288,HOLDING_DECAY,300,6.87,2.68,,,0.087
2025-08-27 00:00:00,601658,HOLDING_DECAY,500,5.86,3.81,,,0.0245
2025-08-27 00:00:00,601988,HOLDING_DECAY,500,5.44,3.53,,,-0.0181
2025-08-27 00:00:00,601998,HOLDING_DECAY,400,7.73,4.02,,,-0.0619
2025-08-27 00:00:00,603195,HOLDING_DECAY,100,48.25,6.27,,,0.0098
2025-08-28 00:00:00,002027,HOLDING_DECAY,400,8.1,4.21,,,0.0616
2025-08-28 00:00:00,002415,HOLDING_DECAY,100,30.12,3.91,,,0.0628
2025-08-28 00:00:00,600066,HOLDING_DECAY,100,25.35,3.29,,,0.0488
2025-08-28 00:00:00,600161,HOLDING_DECAY,200,19.98,5.19,,,-0.044
2025-08-28 00:00:00,600522,HOLDING_DECAY,200,16.41,4.26,,,0.1516
2025-08-28 00:00:00,600803,HOLDING_DECAY,200,18.62,4.84,,,-0.0016
2025-08-28 00:00:00,601059,HOLDING_DECAY,100,19.95,2.59,,,0.1472
2025-08-28 00:00:00,601288,HOLDING_DECAY,300,6.78,2.64,,,0.0728
2025-08-28 00:00:00,601658,HOLDING_DECAY,400,5.86,3.04,,,0.0245
2025-08-28 00:00:00,601988,HOLDING_DECAY,400,5.42,2.82,,,-0.0217
2025-08-28 00:00:00,601998,HOLDING_DECAY,300,7.8,3.04,,,-0.0534
2025-08-28 00:00:00,603195,HOLDING_DECAY,100,47.73,6.2,,,-0.001
2025-08-29 00:00:00,002027,HOLDING_DECAY,300,8.15,3.18,,,0.0682
2025-08-29 00:00:00,002415,HOLDING_DECAY,100,30.11,3.91,,,0.0625
2025-08-29 00:00:00,600066,HOLDING_DECAY,100,25.6,3.32,,,0.0592
2025-08-29 00:00:00,600161,HOLDING_DECAY,100,19.89,2.58,,,-0.0483
2025-08-29 00:00:00,600522,HOLDING_DECAY,100,16.24,2.11,,,0.1396
2025-08-29 00:00:00,600803,HOLDING_DECAY,100,18.62,2.42,,,-0.0016
2025-08-29 00:00:00,601059,HOLDING_DECAY,100,19.6,2.55,,,0.1271
2025-08-29 00:00:00,601288,HOLDING_DECAY,200,6.78,1.76,,,0.0728
2025-08-29 00:00:00,601658,HOLDING_DECAY,300,5.9,2.3,,,0.0315
2025-08-29 00:00:00,601988,HOLDING_DECAY,300,5.41,2.11,,,-0.0235
2025-08-29 00:00:00,601998,HOLDING_DECAY,200,7.72,2.01,,,-0.0631
2025-09-01 00:00:00,002027,TAKE_PROFIT,100,8.53,1.11,,,0.118
2025-09-01 00:00:00,002027,HOLDING_DECAY,200,8.53,2.22,,,0.118
2025-09-01 00:00:00,600066,HOLDING_DECAY,100,26.23,3.41,,,0.0852
2025-09-01 00:00:00,600161,HOLDING_DECAY,100,19.94,2.59,,,-0.0459
2025-09-01 00:00:00,600522,HOLDING_DECAY,100,16.15,2.1,,,0.1333
2025-09-01 00:00:00,600803,HOLDING_DECAY,100,18.58,2.41,,,-0.0038
2025-09-01 00:00:00,601059,HOLDING_DECAY,100,19.41,2.52,,,0.1162
2025-09-01 00:00:00,601288,HOLDING_DECAY,100,6.81,0.88,,,0.0775
2025-09-01 00:00:00,601658,HOLDING_DECAY,200,5.95,1.55,,,0.0402
2025-09-01 00:00:00,601988,HOLDING_DECAY,200,5.41,1.41,,,-0.0235
2025-09-01 00:00:00,601998,HOLDING_DECAY,100,7.6,0.99,,,-0.0777
2025-09-02 00:00:00,002027,HOLDING_DECAY,100,8.35,1.08,,,0.0944
2025-09-02 00:00:00,601288,HOLDING_DECAY,100,6.94,0.9,,,0.0981
2025-09-02 00:00:00,601658,HOLDING_DECAY,100,6.07,0.79,,,0.0612
2025-09-02 00:00:00,601988,HOLDING_DECAY,100,5.52,0.72,,,-0.0036
2025-09-02 00:00:00,601998,HOLDING_DECAY,100,7.81,1.01,,,-0.0522
2025-09-02 00:00:00,002027,SELL,100,8.35,1.08,,,0.0944
2025-09-02 00:00:00,601658,SELL,100,6.07,0.79,,,0.0612
2025-09-02 00:00:00,601988,SELL,100,5.52,0.72,,,-0.0036
2025-09-02 00:00:00,000333,BUY,200,75.68,15151.136,4.5453408,AUTO,
2025-09-02 00:00:00,601857,BUY,2100,8.85,18603.584999999995,5.581075499999998,AUTO,
2025-09-02 00:00:00,601825,BUY,2100,8.84,18582.564,5.574769199999999,AUTO,
2025-09-02 00:00:00,600938,BUY,700,25.71,18014.997,5.4044991,AUTO,
2025-09-02 00:00:00,000538,BUY,300,56.94,17099.081999999995,5.129724599999998,AUTO,
2025-09-02 00:00:00,601298,BUY,2100,8.67,18225.207,5.467562099999999,AUTO,
2025-09-02 00:00:00,601127,BUY,100,146.66,14680.666,4.4041998,AUTO,
2025-09-02 00:00:00,000661,BUY,100,124.46,12458.445999999998,3.737533799999999,AUTO,
2025-09-02 00:00:00,002230,BUY,300,53.4,16036.019999999999,4.8108059999999995,AUTO,
2025-09-02 00:00:00,601077,BUY,2900,6.43,18665.646999999997,5.599694099999999,AUTO,
2025-09-02 00:00:00,600489,BUY,1000,17.76,17777.760000000002,5.333328,AUTO,
2025-09-02 00:00:00,600066,BUY,600,27.2,16336.319999999998,4.900895999999999,AUTO,
2025-09-22 00:00:00,600489,TAKE_PROFIT,300,19.98,7.78,,,0.125
2025-09-23 00:00:00,000333,HOLDING_DECAY,100,73.07,9.49,,,-0.0345
2025-09-23 00:00:00,000538,HOLDING_DECAY,100,55.26,7.18,,,-0.0295
2025-09-23 00:00:00,000661,HOLDING_DECAY,100,118.36,15.37,,,-0.049
2025-09-23 00:00:00,002230,HOLDING_DECAY,100,51.65,6.71,,,-0.0328
2025-09-23 00:00:00,600066,HOLDING_DECAY,200,28.08,7.29,,,0.0324
2025-09-23 00:00:00,600489,HOLDING_DECAY,300,20.37,7.94,,,0.147
2025-09-23 00:00:00,600938,HOLDING_DECAY,300,25.45,9.92,,,-0.0101
2025-09-23 00:00:00,601077,HOLDING_DECAY,900,6.21,7.26,,,-0.0342
2025-09-23 00:00:00,601127,HOLDING_DECAY,100,141.73,18.41,,,-0.0336
2025-09-23 00:00:00,601298,HOLDING_DECAY,700,8.48,7.71,,,-0.0219
2025-09-23 00:00:00,601825,HOLDING_DECAY,700,8.37,7.61,,,-0.0532
2025-09-23 00:00:00,601857,HOLDING_DECAY,700,8.14,7.4,,,-0.0802
2025-09-24 00:00:00,000333,HOLDING_DECAY,100,73.64,9.56,,,-0.027
2025-09-24 00:00:00,000538,HOLDING_DECAY,100,56.02,7.28,,,-0.0162
2025-09-24 00:00:00,002230,HOLDING_DECAY,100,55.05,7.15,,,0.0309
2025-09-24 00:00:00,600066,HOLDING_DECAY,200,27.82,7.23,,,0.0228
2025-09-24 00:00:00,600489,HOLDING_DECAY,200,20.51,5.33,,,0.1548
2025-09-24 00:00:00,600938,HOLDING_DECAY,200,25.67,6.67,,,-0.0016
2025-09-24 00:00:00,601077,HOLDING_DECAY,600,6.33,4.93,,,-0.0156
2025-09-24 00:00:00,601298,HOLDING_DECAY,500,8.42,5.47,,,-0.0288
2025-09-24 00:00:00,601825,HOLDING_DECAY,500,8.43,5.47,,,-0.0464
2025-09-24 00:00:00,601857,HOLDING_DECAY,500,8.13,5.28,,,-0.0814
2025-09-25 00:00:00,000538,HOLDING_DECAY,100,55.62,7.22,,,-0.0232
2025-09-25 00:00:00,002230,HOLDING_DECAY,100,56.17,7.29,,,0.0519
2025-09-25 00:00:00,600066,HOLDING_DECAY,100,26.68,3.46,,,-0.0191
2025-09-25 00:00:00,600489,HOLDING_DECAY,100,20.44,2.65,,,0.1509
2025-09-25 00:00:00,600938,HOLDING_DECAY,100,25.93,3.37,,,0.0086
2025-09-25 00:00:00,601077,HOLDING_DECAY,500,6.11,3.97,,,-0.0498
2025-09-25 00:00:00,601298,HOLDING_DECAY,300,8.33,3.25,,,-0.0392
2025-09-25 00:00:00,601825,HOLDING_DECAY,300,8.38,3.26,,,-0.052
2025-09-25 00:00:00,601857,HOLDING_DECAY,300,8.14,3.17,,,-0.0802
2025-09-26 00:00:00,600066,HOLDING_DECAY,100,26.31,3.42,,,-0.0327
2025-09-26 00:00:00,600489,HOLDING_DECAY,100,20.55,2.67,,,0.1571
2025-09-26 00:00:00,600938,HOLDING_DECAY,100,25.83,3.35,,,0.0047
2025-09-26 00:00:00,601077,HOLDING_DECAY,300,6.25,2.44,,,-0.028
2025-09-26 00:00:00,601298,HOLDING_DECAY,200,8.39,2.18,,,-0.0323
2025-09-26 00:00:00,601825,HOLDING_DECAY,200,8.26,2.15,,,-0.0656
2025-09-26 00:00:00,601857,HOLDING_DECAY,200,8.16,2.12,,,-0.078
2025-09-29 00:00:00,601077,HOLDING_DECAY,200,6.39,1.66,,,-0.0062
2025-09-29 00:00:00,601298,HOLDING_DECAY,200,8.32,2.16,,,-0.0404
2025-09-29 00:00:00,601825,HOLDING_DECAY,200,8.32,2.16,,,-0.0588
2025-09-29 00:00:00,601857,HOLDING_DECAY,200,8.17,2.12,,,-0.0768
2025-09-30 00:00:00,601077,HOLDING_DECAY,200,6.38,1.66,,,-0.0078
2025-09-30 00:00:00,601298,HOLDING_DECAY,100,8.24,1.07,,,-0.0496
2025-09-30 00:00:00,601825,HOLDING_DECAY,100,8.18,1.06,,,-0.0747
2025-09-30 00:00:00,601857,HOLDING_DECAY,100,8.06,1.05,,,-0.0893
2025-09-30 00:00:00,601857,SELL,100,8.06,1.05,,,-0.0893
2025-09-30 00:00:00,601825,SELL,100,8.18,1.06,,,-0.0747
2025-09-30 00:00:00,601298,SELL,100,8.24,1.07,,,-0.0496
2025-09-30 00:00:00,601077,SELL,200,6.38,1.66,,,-0.0078
2025-09-30 00:00:00,601618,BUY,5300,3.85,20425.405,6.127621499999999,AUTO,
2025-09-30 00:00:00,601127,BUY,100,171.25,17142.125,5.142637499999999,AUTO,
2025-09-30 00:00:00,600893,BUY,300,42.18,12666.653999999999,3.7999961999999994,AUTO,
2025-09-30 00:00:00,603799,BUY,300,65.33,19618.598999999995,5.885579699999998,AUTO,
2025-09-30 00:00:00,002028,BUY,100,109.02,10912.901999999998,3.273870599999999,AUTO,
2025-09-30 00:00:00,600406,BUY,900,22.96,20684.663999999997,6.205399199999999,AUTO,
2025-09-30 00:00:00,000425,BUY,1700,11.5,19569.549999999996,5.8708649999999984,AUTO,
2025-09-30 00:00:00,600760,BUY,100,71.22,7129.121999999999,2.1387365999999997,AUTO,
2025-09-30 00:00:00,600362,BUY,500,35.11,17572.554999999997,5.271766499999998,AUTO,
2025-09-30 00:00:00,000768,BUY,500,26.87,13448.434999999998,4.034530499999999,AUTO,
2025-09-30 00:00:00,002049,BUY,200,90.31,18080.061999999998,5.424018599999999,AUTO,
2025-09-30 00:00:00,600372,BUY,1000,12.59,12602.59,3.7807769999999996,AUTO,
2025-10-10 00:00:00,600362,TAKE_PROFIT,100,41.65,5.41,,,0.1863
2025-10-21 00:00:00,000425,HOLDING_DECAY,600,11.18,8.71,,,-0.0278
2025-10-21 00:00:00,000768,HOLDING_DECAY,200,25.57,6.64,,,-0.0484
2025-10-21 00:00:00,002028,HOLDING_DECAY,100,122.85,15.95,,,0.1269
2025-10-21 00:00:00,002049,HOLDING_DECAY,100,81.97,10.65,,,-0.0923
2025-10-21 00:00:00,600362,HOLDING_DECAY,200,37.32,9.69,,,0.0629
2025-10-21 00:00:00,600372,HOLDING_DECAY,300,12.2,4.75,,,-0.031
2025-10-21 00:00:00,600406,HOLDING_DECAY,300,23.46,9.14,,,0.0218
2025-10-21 00:00:00,600760,HOLDING_DECAY,100,63.78,8.28,,,-0.1045
2025-10-21 00:00:00,600893,HOLDING_DECAY,100,40.1,5.21,,,-0.0493
2025-10-21 00:00:00,601127,HOLDING_DECAY,100,157.74,20.49,,,-0.0789
2025-10-21 00:00:00,601618,HOLDING_DECAY,1600,3.71,7.71,,,-0.0364
2025-10-21 00:00:00,603799,HOLDING_DECAY,100,62.08,8.06,,,-0.0497
2025-10-22 00:00:00,000425,HOLDING_DECAY,400,11.29,5.86,,,-0.0183
2025-10-22 00:00:00,000768,HOLDING_DECAY,100,25.53,3.32,,,-0.0499
2025-10-22 00:00:00,002049,HOLDING_DECAY,100,80.88,10.5,,,-0.1044
2025-10-22 00:00:00,600362,HOLDING_DECAY,100,36.72,4.77,,,0.0459
2025-10-22 00:00:00,600372,HOLDING_DECAY,300,12.04,4.69,,,-0.0437
2025-10-22 00:00:00,600406,HOLDING_DECAY,200,23.01,5.98,,,0.0022
2025-10-22 00:00:00,600893,HOLDING_DECAY,100,39.51,5.13,,,-0.0633
2025-10-22 00:00:00,601618,HOLDING_DECAY,1200,3.68,5.74,,,-0.0442
2025-10-22 00:00:00,603799,HOLDING_DECAY,100,61.17,7.94,,,-0.0637
2025-10-23 00:00:00,000425,HOLDING_DECAY,300,11.2,4.36,,,-0.0261
2025-10-23 00:00:00,000768,HOLDING_DECAY,100,25.65,3.33,,,-0.0454
2025-10-23 00:00:00,600362,HOLDING_DECAY,100,36.73,4.77,,,0.0461
2025-10-23 00:00:00,600372,HOLDING_DECAY,200,12.07,3.14,,,-0.0413
2025-10-23 00:00:00,600406,HOLDING_DECAY,200,23.01,5.98,,,0.0022
2025-10-23 00:00:00,600893,HOLDING_DECAY,100,39.12,5.08,,,-0.0725
2025-10-23 00:00:00,601618,HOLDING_DECAY,800,3.68,3.82,,,-0.0442
2025-10-23 00:00:00,603799,HOLDING_DECAY,100,62.21,8.08,,,-0.0478
2025-10-24 00:00:00,000425,HOLDING_DECAY,200,11.37,2.95,,,-0.0113
2025-10-24 00:00:00,000768,HOLDING_DECAY,100,25.94,3.37,,,-0.0346
2025-10-24 00:00:00,600372,HOLDING_DECAY,100,12.21,1.59,,,-0.0302
2025-10-24 00:00:00,600406,HOLDING_DECAY,100,23.12,3.0,,,0.007
2025-10-24 00:00:00,601618,HOLDING_DECAY,600,3.74,2.91,,,-0.0286
2025-10-27 00:00:00,000425,HOLDING_DECAY,100,10.66,1.38,,,-0.073
2025-10-27 00:00:00,600372,HOLDING_DECAY,100,12.21,1.59,,,-0.0302
2025-10-27 00:00:00,600406,HOLDING_DECAY,100,23.55,3.06,,,0.0257
2025-10-27 00:00:00,601618,HOLDING_DECAY,400,3.82,1.98,,,-0.0078
2025-10-28 00:00:00,000425,HOLDING_DECAY,100,10.23,1.33,,,-0.1104
2025-10-28 00:00:00,601618,HOLDING_DECAY,300,3.65,1.42,,,-0.0519
2025-10-29 00:00:00,601618,HOLDING_DECAY,200,3.7,0.96,,,-0.039
2025-10-30 00:00:00,601618,HOLDING_DECAY,100,3.7,0.48,,,-0.039
2025-10-31 00:00:00,601618,HOLDING_DECAY,100,3.49,0.45,,,-0.0935
2025-11-05 00:00:00,600009,BUY,500,32.25,16141.124999999998,4.842337499999999,AUTO,
2025-11-05 00:00:00,002142,BUY,600,28.78,17285.268,5.185580399999999,AUTO,
2025-11-05 00:00:00,000338,BUY,1000,16.39,16406.39,4.921917,AUTO,
2025-11-05 00:00:00,601888,BUY,200,77.36,15487.471999999996,4.646241599999999,AUTO,
2025-11-05 00:00:00,601021,BUY,300,55.48,16660.643999999997,4.9981931999999984,AUTO,
2025-11-05 00:00:00,002252,BUY,2600,6.75,17567.55,5.270264999999999,AUTO,
2025-11-05 00:00:00,600803,BUY,800,19.91,15943.928,4.7831784,AUTO,
2025-11-05 00:00:00,600039,BUY,1700,9.95,16931.914999999997,5.079574499999999,AUTO,
2025-11-05 00:00:00,000333,BUY,200,75.47,15109.094,4.532728199999999,AUTO,
2025-11-05 00:00:00,000895,BUY,700,25.16,17629.611999999997,5.288883599999998,AUTO,
2025-11-05 00:00:00,600515,BUY,3100,5.62,17439.422,5.231826599999999,AUTO,
2025-11-05 00:00:00,601166,BUY,800,20.6,16496.48,4.948943999999999,AUTO,
2025-11-06 00:00:00,000338,TAKE_PROFIT,300,18.03,7.02,,,0.1001
2025-11-26 00:00:00,000333,HOLDING_DECAY,100,79.8,10.36,,,0.0574
2025-11-26 00:00:00,000338,HOLDING_DECAY,300,16.9,6.58,,,0.0311
2025-11-26 00:00:00,000895,HOLDING_DECAY,300,26.19,10.2,,,0.0409
2025-11-26 00:00:00,002142,HOLDING_DECAY,200,28.28,7.35,,,-0.0174
2025-11-26 00:00:00,002252,HOLDING_DECAY,800,6.6,6.86,,,-0.0222
2025-11-26 00:00:00,600009,HOLDING_DECAY,200,31.74,8.24,,,-0.0158
2025-11-26 00:00:00,600039,HOLDING_DECAY,600,9.26,7.22,,,-0.0693
2025-11-26 00:00:00,600515,HOLDING_DECAY,1000,4.87,6.32,,,-0.1335
2025-11-26 00:00:00,600803,HOLDING_DECAY,300,20.99,8.18,,,0.0542
2025-11-26 00:00:00,601021,HOLDING_DECAY,100,54.89,7.13,,,-0.0106
2025-11-26 00:00:00,601166,HOLDING_DECAY,300,20.68,8.06,,,0.0039
2025-11-26 00:00:00,601888,HOLDING_DECAY,100,80.09,10.4,,,0.0353
2025-11-27 00:00:00,000333,HOLDING_DECAY,100,79.8,10.36,,,0.0574
2025-11-27 00:00:00,000338,HOLDING_DECAY,200,16.98,4.41,,,0.036
2025-11-27 00:00:00,000895,HOLDING_DECAY,200,26.35,6.84,,,0.0473
2025-11-27 00:00:00,002142,HOLDING_DECAY,200,28.23,7.33,,,-0.0191
2025-11-27 00:00:00,002252,HOLDING_DECAY,600,6.58,5.13,,,-0.0252
2025-11-27 00:00:00,600009,HOLDING_DECAY,100,31.64,4.11,,,-0.0189
2025-11-27 00:00:00,600039,HOLDING_DECAY,400,9.28,4.82,,,-0.0673
2025-11-27 00:00:00,600515,HOLDING_DECAY,700,4.82,4.38,,,-0.1423
2025-11-27 00:00:00,600803,HOLDING_DECAY,200,21.26,5.52,,,0.0678
2025-11-27 00:00:00,601021,HOLDING_DECAY,100,54.9,7.13,,,-0.0105
2025-11-27 00:00:00,601166,HOLDING_DECAY,200,20.77,5.39,,,0.0083
2025-11-27 00:00:00,601888,HOLDING_DECAY,100,78.25,10.16,,,0.0115
2025-11-28 00:00:00,000338,HOLDING_DECAY,100,17.31,2.25,,,0.0561
2025-11-28 00:00:00,000895,HOLDING_DECAY,100,26.25,3.41,,,0.0433
2025-11-28 00:00:00,002142,HOLDING_DECAY,100,28.07,3.65,,,-0.0247
2025-11-28 00:00:00,002252,HOLDING_DECAY,400,6.61,3.43,,,-0.0207
2025-11-28 00:00:00,600009,HOLDING_DECAY,100,31.66,4.11,,,-0.0183
2025-11-28 00:00:00,600039,HOLDING_DECAY,300,9.43,3.67,,,-0.0523
2025-11-28 00:00:00,600515,HOLDING_DECAY,500,4.95,3.21,,,-0.1192
2025-11-28 00:00:00,600803,HOLDING_DECAY,100,21.3,2.77,,,0.0698
2025-11-28 00:00:00,601021,HOLDING_DECAY,100,54.96,7.14,,,-0.0094
2025-11-28 00:00:00,601166,HOLDING_DECAY,100,20.49,2.66,,,-0.0053
2025-12-01 00:00:00,000338,HOLDING_DECAY,100,17.37,2.26,,,0.0598
2025-12-01 00:00:00,000895,HOLDING_DECAY,100,26.48,3.44,,,0.0525
2025-12-01 00:00:00,002142,HOLDING_DECAY,100,28.53,3.71,,,-0.0087
2025-12-01 00:00:00,002252,HOLDING_DECAY,300,6.63,2.58,,,-0.0178
2025-12-01 00:00:00,600009,HOLDING_DECAY,100,31.89,4.14,,,-0.0112
2025-12-01 00:00:00,600039,HOLDING_DECAY,200,9.4,2.44,,,-0.0553
2025-12-01 00:00:00,600515,HOLDING_DECAY,300,5.01,1.95,,,-0.1085
2025-12-01 00:00:00,600803,HOLDING_DECAY,100,21.97,2.85,,,0.1035
2025-12-01 00:00:00,601166,HOLDING_DECAY,100,20.54,2.67,,,-0.0029
2025-12-02 00:00:00,002252,HOLDING_DECAY,200,6.59,1.71,,,-0.0237
2025-12-02 00:00:00,600039,HOLDING_DECAY,100,9.44,1.23,,,-0.0513
2025-12-02 00:00:00,600515,HOLDING_DECAY,200,5.01,1.3,,,-0.1085
2025-12-02 00:00:00,600803,HOLDING_DECAY,100,21.76,2.83,,,0.0929
2025-12-02 00:00:00,601166,HOLDING_DECAY,100,20.53,2.67,,,-0.0034
2025-12-03 00:00:00,002252,HOLDING_DECAY,100,6.61,0.86,,,-0.0207
2025-12-03 00:00:00,600039,HOLDING_DECAY,100,9.45,1.23,,,-0.0503
2025-12-03 00:00:00,600515,HOLDING_DECAY,200,4.89,1.27,,,-0.1299
2025-12-03 00:00:00,002252,SELL,200,6.61,1.72,,,-0.0207
2025-12-03 00:00:00,600515,SELL,200,4.89,1.27,,,-0.1299
2025-12-03 00:00:00,000725,BUY,4400,4.03,17749.731999999996,5.3249195999999985,AUTO,
2025-12-03 00:00:00,601816,BUY,3400,5.2,17697.68,5.309304,AUTO,
2025-12-03 00:00:00,600018,BUY,3100,5.6,17377.359999999997,5.213207999999999,AUTO,
2025-12-03 00:00:00,000100,BUY,4100,4.34,17811.793999999994,5.343538199999998,AUTO,
2025-12-03 00:00:00,600025,BUY,1800,9.65,17387.37,5.2162109999999995,AUTO,
2025-12-03 00:00:00,601066,BUY,700,25.17,17636.619,5.290985699999999,AUTO,
2025-12-03 00:00:00,600690,BUY,600,27.93,16774.757999999998,5.032427399999999,AUTO,
2025-12-03 00:00:00,600023,BUY,3400,5.16,17561.543999999998,5.268463199999999,AUTO,
2025-12-03 00:00:00,601298,BUY,2000,8.55,17117.100000000002,5.13513,AUTO,
2025-12-03 00:00:00,000333,BUY,200,82.17,16450.433999999997,4.935130199999999,AUTO,
2025-12-03 00:00:00,003816,BUY,4600,3.85,17727.71,5.318312999999999,AUTO,
2025-12-03 00:00:00,600926,BUY,1100,15.81,17408.391,5.2225173,AUTO,
2025-12-24 00:00:00,000100,HOLDING_DECAY,1300,4.53,7.65,,,0.0438
2025-12-24 00:00:00,000333,HOLDING_DECAY,100,78.8,10.23,,,-0.041
2025-12-24 00:00:00,000725,HOLDING_DECAY,1400,4.06,7.38,,,0.0074
2025-12-24 00:00:00,003816,HOLDING_DECAY,1400,3.84,6.98,,,-0.0026
2025-12-24 00:00:00,600018,HOLDING_DECAY,1000,5.49,7.13,,,-0.0196
2025-12-24 00:00:00,600023,HOLDING_DECAY,1100,5.13,7.33,,,-0.0058
2025-12-24 00:00:00,600025,HOLDING_DECAY,600,9.23,7.19,,,-0.0435
2025-12-24 00:00:00,600690,HOLDING_DECAY,200,26.84,6.97,,,-0.039
2025-12-24 00:00:00,600926,HOLDING_DECAY,400,15.32,7.96,,,-0.031
2025-12-24 00:00:00,601066,HOLDING_DECAY,300,26.59,10.36,,,0.0564
2025-12-24 00:00:00,601298,HOLDING_DECAY,600,8.46,6.59,,,-0.0105
2025-12-24 00:00:00,601816,HOLDING_DECAY,1100,5.18,7.4,,,-0.0038
2025-12-25 00:00:00,000100,HOLDING_DECAY,900,4.47,5.22,,,0.03
2025-12-25 00:00:00,000333,HOLDING_DECAY,100,78.59,10.21,,,-0.0436
2025-12-25 00:00:00,000725,HOLDING_DECAY,900,4.06,4.75,,,0.0074
2025-12-25 00:00:00,003816,HOLDING_DECAY,1000,3.85,5.0,,,0.0
2025-12-25 00:00:00,600018,HOLDING_DECAY,700,5.5,5.0,,,-0.0179
2025-12-25 00:00:00,600023,HOLDING_DECAY,700,5.15,4.68,,,-0.0019
2025-12-25 00:00:00,600025,HOLDING_DECAY,400,9.23,4.79,,,-0.0435
2025-12-25 00:00:00,600690,HOLDING_DECAY,200,26.88,6.98,,,-0.0376
2025-12-25 00:00:00,600926,HOLDING_DECAY,300,15.36,5.98,,,-0.0285
2025-12-25 00:00:00,601066,HOLDING_DECAY,200,26.78,6.96,,,0.064
2025-12-25 00:00:00,601298,HOLDING_DECAY,500,8.44,5.48,,,-0.0129
2025-12-25 00:00:00,601816,HOLDING_DECAY,700,5.19,4.72,,,-0.0019
2025-12-26 00:00:00,000100,HOLDING_DECAY,600,4.44,3.46,,,0.023
2025-12-26 00:00:00,000725,HOLDING_DECAY,700,4.04,3.67,,,0.0025
2025-12-26 00:00:00,003816,HOLDING_DECAY,700,3.86,3.51,,,0.0026
2025-12-26 00:00:00,600018,HOLDING_DECAY,500,5.47,3.55,,,-0.0232
2025-12-26 00:00:00,600023,HOLDING_DECAY,500,5.15,3.34,,,-0.0019
2025-12-26 00:00:00,600025,HOLDING_DECAY,300,9.19,3.58,,,-0.0477
2025-12-26 00:00:00,600690,HOLDING_DECAY,100,26.74,3.47,,,-0.0426
2025-12-26 00:00:00,600926,HOLDING_DECAY,200,15.25,3.96,,,-0.0354
2025-12-26 00:00:00,601066,HOLDING_DECAY,100,26.66,3.46,,,0.0592
2025-12-26 00:00:00,601298,HOLDING_DECAY,300,8.41,3.28,,,-0.0164
2025-12-26 00:00:00,601816,HOLDING_DECAY,500,5.22,3.39,,,0.0038
2025-12-29 00:00:00,000100,HOLDING_DECAY,400,4.49,2.33,,,0.0346
2025-12-29 00:00:00,000725,HOLDING_DECAY,500,4.13,2.68,,,0.0248
2025-12-29 00:00:00,003816,HOLDING_DECAY,500,3.82,2.48,,,-0.0078
2025-12-29 00:00:00,600018,HOLDING_DECAY,300,5.43,2.12,,,-0.0304
2025-12-29 00:00:00,600023,HOLDING_DECAY,400,5.02,2.61,,,-0.0271
2025-12-29 00:00:00,600025,HOLDING_DECAY,200,9.1,2.36,,,-0.057
2025-12-29 00:00:00,600690,HOLDING_DECAY,100,26.58,3.45,,,-0.0483
2025-12-29 00:00:00,600926,HOLDING_DECAY,100,15.28,1.98,,,-0.0335
2025-12-29 00:00:00,601066,HOLDING_DECAY,100,26.58,3.45,,,0.056
2025-12-29 00:00:00,601298,HOLDING_DECAY,200,8.36,2.17,,,-0.0222
2025-12-29 00:00:00,601816,HOLDING_DECAY,400,5.21,2.71,,,0.0019
2025-12-30 00:00:00,000100,HOLDING_DECAY,300,4.54,1.77,,,0.0461
2025-12-30 00:00:00,000725,HOLDING_DECAY,300,4.17,1.62,,,0.0347
2025-12-30 00:00:00,003816,HOLDING_DECAY,300,3.76,1.46,,,-0.0234
2025-12-30 00:00:00,600018,HOLDING_DECAY,200,5.35,1.39,,,-0.0446
2025-12-30 00:00:00,600023,HOLDING_DECAY,300,4.95,1.93,,,-0.0407
2025-12-30 00:00:00,600025,HOLDING_DECAY,100,9.05,1.18,,,-0.0622
2025-12-30 00:00:00,600926,HOLDING_DECAY,100,15.36,1.99,,,-0.0285
2025-12-30 00:00:00,601298,HOLDING_DECAY,200,8.28,2.15,,,-0.0316
2025-12-30 00:00:00,601816,HOLDING_DECAY,300,5.15,2.01,,,-0.0096
2025-12-31 00:00:00,000100,HOLDING_DECAY,200,4.54,1.18,,,0.0461
2025-12-31 00:00:00,000725,HOLDING_DECAY,200,4.21,1.09,,,0.0447
2025-12-31 00:00:00,003816,HOLDING_DECAY,300,3.76,1.46,,,-0.0234
2025-12-31 00:00:00,600018,HOLDING_DECAY,200,5.37,1.39,,,-0.0411
2025-12-31 00:00:00,600023,HOLDING_DECAY,200,4.95,1.29,,,-0.0407
2025-12-31 00:00:00,600025,HOLDING_DECAY,100,9.08,1.18,,,-0.0591
2025-12-31 00:00:00,601298,HOLDING_DECAY,100,8.34,1.08,,,-0.0246
2025-12-31 00:00:00,601816,HOLDING_DECAY,200,5.15,1.34,,,-0.0096
2025-12-31 00:00:00,000725,SELL,400,4.21,2.19,,,0.0447
2025-12-31 00:00:00,601816,SELL,200,5.15,1.34,,,-0.0096
2025-12-31 00:00:00,600018,SELL,200,5.37,1.39,,,-0.0411
2025-12-31 00:00:00,000100,SELL,400,4.54,2.36,,,0.0461
2025-12-31 00:00:00,600025,SELL,100,9.08,1.18,,,-0.0591
2025-12-31 00:00:00,600023,SELL,200,4.95,1.29,,,-0.0407
2025-12-31 00:00:00,601298,SELL,100,8.34,1.08,,,-0.0246
2025-12-31 00:00:00,003816,SELL,400,3.76,1.95,,,-0.0234
2025-12-31 00:00:00,002230,BUY,300,50.29,15102.087,4.530626099999999,AUTO,
2025-12-31 00:00:00,601857,BUY,1900,10.41,19798.779,5.939633699999999,AUTO,
2025-12-31 00:00:00,601111,BUY,1400,9.37,13131.117999999997,3.9393353999999987,AUTO,
2025-12-31 00:00:00,300418,BUY,400,41.7,16696.68,5.009004,AUTO,
2025-12-31 00:00:00,601808,BUY,1400,14.04,19675.655999999995,5.902696799999998,AUTO,
2025-12-31 00:00:00,601021,BUY,200,59.5,11911.899999999998,3.5735699999999992,AUTO,
2025-12-31 00:00:00,600989,BUY,1000,19.36,19379.359999999997,5.813807999999999,AUTO,
2025-12-31 00:00:00,600372,BUY,1400,13.42,18806.787999999997,5.6420363999999985,AUTO,
2025-12-31 00:00:00,600115,BUY,2200,6.0,13213.199999999999,3.9639599999999993,AUTO,
2025-12-31 00:00:00,600362,BUY,300,54.92,16492.476,4.947742799999999,AUTO,
2025-12-31 00:00:00,600029,BUY,1600,8.01,12828.815999999997,3.848644799999999,AUTO,
2025-12-31 00:00:00,600176,BUY,1100,17.02,18740.721999999998,5.622216599999999,AUTO,
2026-01-08 00:00:00,600372,TAKE_PROFIT,400,15.41,8.01,,,0.1483
2026-01-09 00:00:00,300418,TAKE_PROFIT,100,54.02,7.02,,,0.2954
2026-01-12 00:00:00,600372,TAKE_PROFIT,300,16.52,6.44,,,0.231
2026-01-13 00:00:00,300418,TAKE_PROFIT,300,62.73,24.44,,,0.5043
2026-01-14 00:00:00,601808,TAKE_PROFIT,400,15.58,8.09,,,0.1097
2026-01-19 00:00:00,600176,TAKE_PROFIT,300,18.97,7.39,,,0.1146
2026-01-20 00:00:00,600989,TAKE_PROFIT,300,21.58,8.41,,,0.1147
2026-01-21 00:00:00,002230,HOLDING_DECAY,100,58.09,7.54,,,0.1551
2026-01-21 00:00:00,600029,HOLDING_DECAY,500,8.01,5.2,,,0.0
2026-01-21 00:00:00,600115,HOLDING_DECAY,700,6.22,5.65,,,0.0367
2026-01-21 00:00:00,600176,HOLDING_DECAY,300,20.35,7.93,,,0.1957
2026-01-21 00:00:00,600362,HOLDING_DECAY,100,62.19,8.08,,,0.1324
2026-01-21 00:00:00,600372,HOLDING_DECAY,300,15.62,6.09,,,0.1639
2026-01-21 00:00:00,600989,HOLDING_DECAY,300,21.35,8.32,,,0.1028
2026-01-21 00:00:00,601021,HOLDING_DECAY,100,58.8,7.64,,,-0.0118
2026-01-21 00:00:00,601111,HOLDING_DECAY,500,9.01,5.85,,,-0.0384
2026-01-21 00:00:00,601808,HOLDING_DECAY,300,15.08,5.88,,,0.0741
2026-01-21 00:00:00,601857,HOLDING_DECAY,600,10.0,7.79,,,-0.0394
2026-01-22 00:00:00,600176,TAKE_PROFIT,100,21.16,2.75,,,0.2432
2026-01-22 00:00:00,002230,HOLDING_DECAY,100,58.44,7.59,,,0.1621
2026-01-22 00:00:00,600029,HOLDING_DECAY,400,7.88,4.09,,,-0.0162
2026-01-22 00:00:00,600115,HOLDING_DECAY,500,6.07,3.94,,,0.0117
2026-01-22 00:00:00,600176,HOLDING_DECAY,200,21.16,5.5,,,0.2432
2026-01-22 00:00:00,600362,HOLDING_DECAY,100,60.3,7.83,,,0.098
2026-01-22 00:00:00,600372,HOLDING_DECAY,200,16.55,4.3,,,0.2332
2026-01-22 00:00:00,600989,HOLDING_DECAY,200,21.84,5.67,,,0.1281
2026-01-22 00:00:00,601021,HOLDING_DECAY,100,58.83,7.64,,,-0.0113
2026-01-22 00:00:00,601111,HOLDING_DECAY,300,8.88,3.46,,,-0.0523
2026-01-22 00:00:00,601808,HOLDING_DECAY,300,15.65,6.1,,,0.1147
2026-01-22 00:00:00,601857,HOLDING_DECAY,400,10.15,5.27,,,-0.025
2026-01-23 00:00:00,002230,HOLDING_DECAY,100,58.75,7.63,,,0.1682
2026-01-23 00:00:00,600029,HOLDING_DECAY,300,7.68,2.99,,,-0.0412
2026-01-23 00:00:00,600115,HOLDING_DECAY,300,5.88,2.29,,,-0.02
2026-01-23 00:00:00,600176,HOLDING_DECAY,100,20.66,2.68,,,0.2139
2026-01-23 00:00:00,600362,HOLDING_DECAY,100,59.61,7.74,,,0.0854
2026-01-23 00:00:00,600372,HOLDING_DECAY,100,16.48,2.14,,,0.228
2026-01-23 00:00:00,600989,HOLDING_DECAY,100,22.15,2.88,,,0.1441
2026-01-23 00:00:00,601111,HOLDING_DECAY,200,8.77,2.28,,,-0.064
2026-01-23 00:00:00,601808,HOLDING_DECAY,200,15.48,4.02,,,0.1026
2026-01-23 00:00:00,601857,HOLDING_DECAY,300,9.83,3.83,,,-0.0557
2026-01-26 00:00:00,600029,HOLDING_DECAY,200,7.6,1.97,,,-0.0512
2026-01-26 00:00:00,600115,HOLDING_DECAY,300,5.81,2.26,,,-0.0317
2026-01-26 00:00:00,600176,HOLDING_DECAY,100,20.55,2.67,,,0.2074
2026-01-26 00:00:00,600372,HOLDING_DECAY,100,15.87,2.06,,,0.1826
2026-01-26 00:00:00,600989,HOLDING_DECAY,100,22.47,2.92,,,0.1606
2026-01-26 00:00:00,601111,HOLDING_DECAY,200,8.67,2.25,,,-0.0747
2026-01-26 00:00:00,601808,HOLDING_DECAY,100,16.36,2.12,,,0.1652
2026-01-26 00:00:00,601857,HOLDING_DECAY,200,10.39,2.7,,,-0.0019
2026-01-27 00:00:00,600029,HOLDING_DECAY,100,7.55,0.98,,,-0.0574
2026-01-27 00:00:00,600115,HOLDING_DECAY,200,5.78,1.5,,,-0.0367
2026-01-27 00:00:00,601111,HOLDING_DECAY,100,8.57,1.11,,,-0.0854
2026-01-27 00:00:00,601808,HOLDING_DECAY,100,16.1,2.09,,,0.1467
2026-01-27 00:00:00,601857,HOLDING_DECAY,200,10.44,2.71,,,0.0029
2026-01-28 00:00:00,600029,HOLDING_DECAY,100,7.28,0.95,,,-0.0911
2026-01-28 00:00:00,600115,HOLDING_DECAY,100,5.44,0.71,,,-0.0933
2026-01-28 00:00:00,601111,HOLDING_DECAY,100,8.37,1.09,,,-0.1067
2026-01-28 00:00:00,601857,HOLDING_DECAY,100,10.77,1.4,,,0.0346
2026-01-29 00:00:00,600115,HOLDING_DECAY,100,5.4,0.7,,,-0.1
2026-01-29 00:00:00,601857,HOLDING_DECAY,100,10.89,1.41,,,0.0461
2026-01-30 00:00:00,601018,BUY,3700,3.82,14148.133999999998,4.244440199999999,AUTO,
2026-01-30 00:00:00,000708,BUY,1300,15.92,20716.695999999996,6.215008799999999,AUTO,
2026-01-30 00:00:00,300251,BUY,1100,19.56,21537.515999999996,6.461254799999998,AUTO,
2026-01-30 00:00:00,300347,BUY,300,63.01,18921.903,5.676570899999999,AUTO,
2026-01-30 00:00:00,000876,BUY,2400,9.04,21717.695999999996,6.515308799999998,AUTO,
2026-01-30 00:00:00,600522,BUY,900,22.34,20126.105999999996,6.037831799999998,AUTO,
2026-01-30 00:00:00,601298,BUY,1500,9.53,14309.294999999998,4.2927884999999995,AUTO,
2026-01-30 00:00:00,600377,BUY,1200,12.03,14450.435999999998,4.335130799999999,AUTO,
2026-01-30 00:00:00,600026,BUY,900,15.8,14234.22,4.2702659999999995,AUTO,
2026-01-30 00:00:00,600188,BUY,1400,14.64,20516.496,6.154948799999999,AUTO,
2026-01-30 00:00:00,600028,BUY,3300,6.51,21504.482999999997,6.451344899999999,AUTO,
2026-02-10 00:00:00,300251,TAKE_PROFIT,300,25.56,9.96,,,0.3067
2026-02-11 00:00:00,300251,TAKE_PROFIT,200,26.86,6.98,,,0.3732
2026-02-11 00:00:00,600188,TAKE_PROFIT,400,16.65,8.65,,,0.1373
2026-02-11 00:00:00,600522,TAKE_PROFIT,200,24.81,6.44,,,0.1106
2026-02-12 00:00:00,600026,TAKE_PROFIT,200,18.73,4.86,,,0.1854
2026-02-13 00:00:00,300251,TAKE_PROFIT,600,27.22,21.21,,,0.3916
2026-02-24 00:00:00,600188,TAKE_PROFIT,300,17.69,6.89,,,0.2083
2026-02-24 00:00:00,000708,HOLDING_DECAY,400,15.42,8.01,,,-0.0314
2026-02-24 00:00:00,000876,HOLDING_DECAY,800,8.62,8.96,,,-0.0465
2026-02-24 00:00:00,300347,HOLDING_DECAY,100,60.3,7.83,,,-0.043
2026-02-24 00:00:00,600026,HOLDING_DECAY,300,18.65,7.27,,,0.1804
2026-02-24 00:00:00,600028,HOLDING_DECAY,1000,6.58,8.55,,,0.0108
2026-02-24 00:00:00,600188,HOLDING_DECAY,300,17.69,6.89,,,0.2083
2026-02-24 00:00:00,600377,HOLDING_DECAY,400,12.02,6.24,,,-0.0008
2026-02-24 00:00:00,600522,HOLDING_DECAY,300,25.63,9.99,,,0.1473
2026-02-24 00:00:00,601018,HOLDING_DECAY,1200,4.02,6.26,,,0.0524
2026-02-24 00:00:00,601298,HOLDING_DECAY,500,9.16,5.95,,,-0.0388
2026-02-25 00:00:00,600026,TAKE_PROFIT,100,20.15,2.62,,,0.2753
2026-02-25 00:00:00,000708,HOLDING_DECAY,300,15.93,6.21,,,0.0006
2026-02-25 00:00:00,000876,HOLDING_DECAY,500,8.66,5.62,,,-0.042
2026-02-25 00:00:00,300347,HOLDING_DECAY,100,61.27,7.96,,,-0.0276
2026-02-25 00:00:00,600026,HOLDING_DECAY,100,20.15,2.62,,,0.2753
2026-02-25 00:00:00,600028,HOLDING_DECAY,700,6.52,5.93,,,0.0015
2026-02-25 00:00:00,600188,HOLDING_DECAY,200,17.2,4.47,,,0.1749
2026-02-25 00:00:00,600377,HOLDING_DECAY,300,11.95,4.66,,,-0.0067
2026-02-25 00:00:00,600522,HOLDING_DECAY,200,25.08,6.51,,,0.1226
2026-02-25 00:00:00,601018,HOLDING_DECAY,800,4.04,4.2,,,0.0576
2026-02-25 00:00:00,601298,HOLDING_DECAY,300,9.21,3.59,,,-0.0336
2026-02-26 00:00:00,000708,HOLDING_DECAY,200,16.8,4.36,,,0.0553
2026-02-26 00:00:00,000876,HOLDING_DECAY,400,8.63,4.48,,,-0.0454
2026-02-26 00:00:00,300347,HOLDING_DECAY,100,60.5,7.86,,,-0.0398
2026-02-26 00:00:00,600026,HOLDING_DECAY,100,20.44,2.65,,,0.2937
2026-02-26 00:00:00,600028,HOLDING_DECAY,500,6.49,4.21,,,-0.0031
2026-02-26 00:00:00,600188,HOLDING_DECAY,100,16.99,2.21,,,0.1605
2026-02-26 00:00:00,600377,HOLDING_DECAY,200,11.95,3.1,,,-0.0067
2026-02-26 00:00:00,600522,HOLDING_DECAY,100,27.59,3.58,,,0.235
2026-02-26 00:00:00,601018,HOLDING_DECAY,600,4.04,3.15,,,0.0576
2026-02-26 00:00:00,601298,HOLDING_DECAY,300,9.21,3.59,,,-0.0336
2026-02-27 00:00:00,600026,TAKE_PROFIT,100,20.58,2.67,,,0.3025
2026-02-27 00:00:00,600522,TAKE_PROFIT,100,29.14,3.78,,,0.3044
2026-02-27 00:00:00,000708,HOLDING_DECAY,200,17.48,4.54,,,0.098
2026-02-27 00:00:00,000876,HOLDING_DECAY,300,8.71,3.39,,,-0.0365
2026-02-27 00:00:00,600028,HOLDING_DECAY,400,6.46,3.36,,,-0.0077
2026-02-27 00:00:00,600188,HOLDING_DECAY,100,17.72,2.3,,,0.2104
2026-02-27 00:00:00,600377,HOLDING_DECAY,100,12.0,1.56,,,-0.0025
2026-02-27 00:00:00,601018,HOLDING_DECAY,400,4.18,2.17,,,0.0942
2026-02-27 00:00:00,601298,HOLDING_DECAY,200,9.31,2.42,,,-0.0231
2026-03-02 00:00:00,000708,HOLDING_DECAY,100,17.2,2.23,,,0.0804
2026-03-02 00:00:00,000876,HOLDING_DECAY,200,8.68,2.25,,,-0.0398
2026-03-02 00:00:00,600028,HOLDING_DECAY,300,7.11,2.77,,,0.0922
2026-03-02 00:00:00,600377,HOLDING_DECAY,100,12.07,1.57,,,0.0033
2026-03-02 00:00:00,601018,HOLDING_DECAY,300,4.18,1.63,,,0.0942
2026-03-02 00:00:00,601298,HOLDING_DECAY,100,9.35,1.21,,,-0.0189
2026-03-03 00:00:00,600028,TAKE_PROFIT,100,7.82,1.02,,,0.2012
2026-03-03 00:00:00,000708,HOLDING_DECAY,100,17.18,2.23,,,0.0791
2026-03-03 00:00:00,000876,HOLDING_DECAY,100,8.71,1.13,,,-0.0365
2026-03-03 00:00:00,600028,HOLDING_DECAY,100,7.82,1.02,,,0.2012
2026-03-03 00:00:00,600377,HOLDING_DECAY,100,12.2,1.58,,,0.0141
2026-03-03 00:00:00,601018,HOLDING_DECAY,200,4.13,1.07,,,0.0812
2026-03-03 00:00:00,601298,HOLDING_DECAY,100,9.39,1.22,,,-0.0147
2026-03-04 00:00:00,000876,HOLDING_DECAY,100,8.8,1.14,,,-0.0265
2026-03-04 00:00:00,600028,HOLDING_DECAY,100,7.4,0.96,,,0.1367
2026-03-04 00:00:00,601018,HOLDING_DECAY,100,4.11,0.53,,,0.0759
2026-03-05 00:00:00,600028,HOLDING_DECAY,100,7.03,0.91,,,0.0799
2026-03-05 00:00:00,601018,HOLDING_DECAY,100,4.16,0.54,,,0.089
2026-03-09 00:00:00,600905,BUY,5300,4.33,22971.948999999997,6.891584699999998,AUTO,
2026-03-09 00:00:00,601985,BUY,1700,8.91,15162.146999999997,4.548644099999999,AUTO,
2026-03-09 00:00:00,600886,BUY,1100,14.02,15437.421999999999,4.631226599999999,AUTO,
2026-03-09 00:00:00,600674,BUY,1400,15.82,22170.147999999997,6.651044399999999,AUTO,
2026-03-09 00:00:00,601006,BUY,4400,5.21,22946.923999999995,6.884077199999998,AUTO,
2026-03-09 00:00:00,300999,BUY,700,31.59,22135.112999999998,6.6405338999999985,AUTO,
2026-03-09 00:00:00,000895,BUY,800,26.57,21277.255999999998,6.383176799999998,AUTO,
2026-03-09 00:00:00,601868,BUY,7900,2.94,23249.226,6.974767799999999,AUTO,
2026-03-09 00:00:00,300498,BUY,1300,17.04,22174.151999999995,6.652245599999998,AUTO,
2026-03-09 00:00:00,003816,BUY,3700,4.17,15444.428999999996,4.633328699999999,AUTO,
2026-03-09 00:00:00,600406,BUY,700,31.52,22086.064,6.625819199999999,AUTO,
2026-03-09 00:00:00,600023,BUY,2800,5.5,15415.4,4.624619999999999,AUTO,
2026-03-11 00:00:00,601868,TAKE_PROFIT,2300,3.45,10.31,,,0.1735
2026-03-12 00:00:00,601868,TAKE_PROFIT,1600,3.8,7.9,,,0.2925
2026-03-26 00:00:00,003816,TAKE_PROFIT,1100,4.6,6.57,,,0.1031
2026-03-30 00:00:00,000895,HOLDING_DECAY,300,27.64,10.77,,,0.0403
2026-03-30 00:00:00,003816,HOLDING_DECAY,800,4.6,4.78,,,0.1031
2026-03-30 00:00:00,300498,HOLDING_DECAY,400,16.83,8.74,,,-0.0123
2026-03-30 00:00:00,300999,HOLDING_DECAY,300,28.8,11.22,,,-0.0883
2026-03-30 00:00:00,600023,HOLDING_DECAY,900,5.5,6.43,,,0.0
2026-03-30 00:00:00,600406,HOLDING_DECAY,300,26.63,10.38,,,-0.1551
2026-03-30 00:00:00,600674,HOLDING_DECAY,500,15.12,9.82,,,-0.0442
2026-03-30 00:00:00,600886,HOLDING_DECAY,400,14.39,7.48,,,0.0264
2026-03-30 00:00:00,600905,HOLDING_DECAY,1600,4.39,9.12,,,0.0139
2026-03-30 00:00:00,601006,HOLDING_DECAY,1400,5.35,9.73,,,0.0269
2026-03-30 00:00:00,601868,HOLDING_DECAY,1200,3.02,4.71,,,0.0272
2026-03-30 00:00:00,601985,HOLDING_DECAY,600,9.15,7.13,,,0.0269
2026-03-31 00:00:00,000895,HOLDING_DECAY,200,27.62,7.17,,,0.0395
2026-03-31 00:00:00,003816,HOLDING_DECAY,600,4.61,3.59,,,0.1055
2026-03-31 00:00:00,300498,HOLDING_DECAY,300,16.62,6.48,,,-0.0246
2026-03-31 00:00:00,300999,HOLDING_DECAY,200,28.42,7.38,,,-0.1003
2026-03-31 00:00:00,600023,HOLDING_DECAY,600,5.43,4.23,,,-0.0127
2026-03-31 00:00:00,600406,HOLDING_DECAY,200,25.99,6.75,,,-0.1754
2026-03-31 00:00:00,600674,HOLDING_DECAY,300,14.89,5.8,,,-0.0588
2026-03-31 00:00:00,600886,HOLDING_DECAY,300,14.16,5.52,,,0.01
2026-03-31 00:00:00,600905,HOLDING_DECAY,1200,4.26,6.64,,,-0.0162
2026-03-31 00:00:00,601006,HOLDING_DECAY,900,5.36,6.26,,,0.0288
2026-03-31 00:00:00,601868,HOLDING_DECAY,900,2.9,3.39,,,-0.0136
2026-03-31 00:00:00,601985,HOLDING_DECAY,400,9.05,4.7,,,0.0157
2026-04-01 00:00:00,000895,HOLDING_DECAY,100,27.33,3.55,,,0.0286
2026-04-01 00:00:00,003816,HOLDING_DECAY,400,4.52,2.35,,,0.0839
2026-04-01 00:00:00,300498,HOLDING_DECAY,200,16.43,4.27,,,-0.0358
2026-04-01 00:00:00,300999,HOLDING_DECAY,100,28.6,3.71,,,-0.0947
2026-04-01 00:00:00,600023,HOLDING_DECAY,400,5.47,2.84,,,-0.0055
2026-04-01 00:00:00,600406,HOLDING_DECAY,100,26.42,3.43,,,-0.1618
2026-04-01 00:00:00,600674,HOLDING_DECAY,200,14.75,3.83,,,-0.0676
2026-04-01 00:00:00,600886,HOLDING_DECAY,200,14.01,3.64,,,-0.0007
2026-04-01 00:00:00,600905,HOLDING_DECAY,800,4.18,4.34,,,-0.0346
2026-04-01 00:00:00,601006,HOLDING_DECAY,700,5.33,4.85,,,0.023
2026-04-01 00:00:00,601868,HOLDING_DECAY,600,2.92,2.28,,,-0.0068
2026-04-01 00:00:00,601985,HOLDING_DECAY,300,8.95,3.49,,,0.0045
2026-04-02 00:00:00,000895,HOLDING_DECAY,100,27.86,3.62,,,0.0486
2026-04-02 00:00:00,003816,HOLDING_DECAY,300,4.55,1.77,,,0.0911
2026-04-02 00:00:00,300498,HOLDING_DECAY,200,16.81,4.37,,,-0.0135
2026-04-02 00:00:00,300999,HOLDING_DECAY,100,28.28,3.67,,,-0.1048
2026-04-02 00:00:00,600023,HOLDING_DECAY,300,5.51,2.15,,,0.0018
2026-04-02 00:00:00,600406,HOLDING_DECAY,100,26.09,3.39,,,-0.1723
2026-04-02 00:00:00,600674,HOLDING_DECAY,200,15.19,3.95,,,-0.0398
2026-04-02 00:00:00,600886,HOLDING_DECAY,100,14.15,1.84,,,0.0093
2026-04-02 00:00:00,600905,HOLDING_DECAY,600,4.18,3.26,,,-0.0346
2026-04-02 00:00:00,601006,HOLDING_DECAY,500,5.33,3.46,,,0.023
2026-04-02 00:00:00,601868,HOLDING_DECAY,400,2.85,1.48,,,-0.0306
2026-04-02 00:00:00,601985,HOLDING_DECAY,200,9.01,2.34,,,0.0112
2026-04-03 00:00:00,000895,HOLDING_DECAY,100,27.14,3.52,,,0.0215
2026-04-03 00:00:00,003816,HOLDING_DECAY,200,4.52,1.17,,,0.0839
2026-04-03 00:00:00,300498,HOLDING_DECAY,100,16.31,2.12,,,-0.0428
2026-04-03 00:00:00,600023,HOLDING_DECAY,200,5.41,1.41,,,-0.0164
2026-04-03 00:00:00,600674,HOLDING_DECAY,100,15.07,1.96,,,-0.0474
2026-04-03 00:00:00,600886,HOLDING_DECAY,100,13.85,1.8,,,-0.0121
2026-04-03 00:00:00,600905,HOLDING_DECAY,400,4.09,2.12,,,-0.0554
2026-04-03 00:00:00,601006,HOLDING_DECAY,300,5.2,2.03,,,-0.0019
2026-04-03 00:00:00,601868,HOLDING_DECAY,300,2.82,1.1,,,-0.0408
2026-04-03 00:00:00,601985,HOLDING_DECAY,100,8.81,1.14,,,-0.0112
2026-04-07 00:00:00,003816,HOLDING_DECAY,100,4.5,0.58,,,0.0791
2026-04-07 00:00:00,300498,HOLDING_DECAY,100,16.46,2.14,,,-0.034
2026-04-07 00:00:00,600023,HOLDING_DECAY,200,5.42,1.41,,,-0.0145
2026-04-07 00:00:00,600674,HOLDING_DECAY,100,14.85,1.93,,,-0.0613
2026-04-07 00:00:00,600905,HOLDING_DECAY,300,4.09,1.59,,,-0.0554
2026-04-07 00:00:00,601006,HOLDING_DECAY,200,5.17,1.34,,,-0.0077
2026-04-07 00:00:00,601868,HOLDING_DECAY,200,2.84,0.74,,,-0.034
2026-04-07 00:00:00,601985,HOLDING_DECAY,100,8.7,1.13,,,-0.0236
2026-04-07 00:00:00,600905,SELL,400,4.09,2.12,,,-0.0554
2026-04-07 00:00:00,601006,SELL,400,5.17,2.69,,,-0.0077
2026-04-07 00:00:00,601868,SELL,400,2.84,1.48,,,-0.034
2026-04-07 00:00:00,003816,SELL,200,4.5,1.17,,,0.0791
2026-04-07 00:00:00,600023,SELL,200,5.42,1.41,,,-0.0145
2026-04-07 00:00:00,601607,BUY,1100,17.28,19027.008,5.7081024,AUTO,
2026-04-07 00:00:00,600010,BUY,7300,2.79,20387.367,6.116210099999999,AUTO,
2026-04-07 00:00:00,600150,BUY,600,31.98,19207.187999999995,5.762156399999998,AUTO,
2026-04-07 00:00:00,002179,BUY,500,34.61,17322.304999999997,5.196691499999998,AUTO,
2026-04-07 00:00:00,600111,BUY,400,49.89,19975.956,5.992786799999999,AUTO,
2026-04-07 00:00:00,603296,BUY,200,96.22,19263.244,5.778973199999999,AUTO,
2026-04-07 00:00:00,002001,BUY,500,38.08,19059.039999999997,5.717711999999999,AUTO,
2026-04-07 00:00:00,300759,BUY,600,30.1,18078.059999999998,5.423417999999999,AUTO,
2026-04-07 00:00:00,000617,BUY,1700,11.53,19620.600999999995,5.886180299999998,AUTO,
2026-04-07 00:00:00,601988,BUY,3500,5.8,20320.299999999996,6.0960899999999985,AUTO,
2026-04-07 00:00:00,000301,BUY,1700,11.51,19586.567,5.875970099999999,AUTO,
2026-04-07 00:00:00,603260,BUY,400,43.02,17225.208000000002,5.1675624000000004,AUTO,
2026-04-20 00:00:00,600150,TAKE_PROFIT,100,35.28,4.58,,,0.1032
2026-04-21 00:00:00,000301,TAKE_PROFIT,500,12.67,8.23,,,0.1008
2026-04-23 00:00:00,600150,TAKE_PROFIT,100,38.6,5.01,,,0.207
2026-04-28 00:00:00,000301,HOLDING_DECAY,400,13.06,6.78,,,0.1347
2026-04-28 00:00:00,000617,HOLDING_DECAY,600,9.34,7.28,,,-0.1899
2026-04-28 00:00:00,002001,HOLDING_DECAY,200,35.39,9.19,,,-0.0706
2026-04-28 00:00:00,002179,HOLDING_DECAY,200,35.06,9.11,,,0.013
2026-04-28 00:00:00,300759,HOLDING_DECAY,200,30.92,8.03,,,0.0272
2026-04-28 00:00:00,600010,HOLDING_DECAY,2200,2.74,7.83,,,-0.0179
2026-04-28 00:00:00,600111,HOLDING_DECAY,200,46.32,12.03,,,-0.0716
2026-04-28 00:00:00,600150,HOLDING_DECAY,200,41.32,10.73,,,0.2921
2026-04-28 00:00:00,601607,HOLDING_DECAY,400,16.93,8.79,,,-0.0203
2026-04-28 00:00:00,601988,HOLDING_DECAY,1100,5.81,8.3,,,0.0017
2026-04-28 00:00:00,603260,HOLDING_DECAY,200,43.51,11.3,,,0.0114
2026-04-28 00:00:00,603296,HOLDING_DECAY,100,103.9,13.49,,,0.0798
2026-04-29 00:00:00,000301,HOLDING_DECAY,300,13.26,5.17,,,0.152
2026-04-29 00:00:00,000617,HOLDING_DECAY,400,9.49,4.93,,,-0.1769
2026-04-29 00:00:00,002001,HOLDING_DECAY,100,34.96,4.54,,,-0.0819
2026-04-29 00:00:00,002179,HOLDING_DECAY,100,35.76,4.64,,,0.0332
2026-04-29 00:00:00,300759,HOLDING_DECAY,200,29.75,7.73,,,-0.0116
2026-04-29 00:00:00,600010,HOLDING_DECAY,1600,2.76,5.74,,,-0.0108
2026-04-29 00:00:00,600111,HOLDING_DECAY,100,50.95,6.62,,,0.0212
2026-04-29 00:00:00,600150,HOLDING_DECAY,100,41.16,5.35,,,0.2871
2026-04-29 00:00:00,601607,HOLDING_DECAY,300,16.93,6.6,,,-0.0203
2026-04-29 00:00:00,601988,HOLDING_DECAY,800,5.79,6.02,,,-0.0017
2026-04-29 00:00:00,603260,HOLDING_DECAY,100,45.45,5.9,,,0.0565
2026-04-29 00:00:00,603296,HOLDING_DECAY,100,102.46,13.31,,,0.0649
2026-04-30 00:00:00,600150,TAKE_PROFIT,100,41.76,5.42,,,0.3058
2026-04-30 00:00:00,000301,HOLDING_DECAY,200,13.27,3.45,,,0.1529
2026-04-30 00:00:00,000617,HOLDING_DECAY,300,9.44,3.68,,,-0.1813
2026-04-30 00:00:00,002001,HOLDING_DECAY,100,34.8,4.52,,,-0.0861
2026-04-30 00:00:00,002179,HOLDING_DECAY,100,36.07,4.68,,,0.0422
2026-04-30 00:00:00,300759,HOLDING_DECAY,100,29.31,3.81,,,-0.0262
2026-04-30 00:00:00,600010,HOLDING_DECAY,1100,2.7,3.86,,,-0.0323
2026-04-30 00:00:00,600111,HOLDING_DECAY,100,53.04,6.89,,,0.0631
2026-04-30 00:00:00,601607,HOLDING_DECAY,200,17.09,4.44,,,-0.011
2026-04-30 00:00:00,601988,HOLDING_DECAY,500,5.75,3.73,,,-0.0086
2026-04-30 00:00:00,603260,HOLDING_DECAY,100,44.6,5.79,,,0.0367
2026-05-06 00:00:00,000301,HOLDING_DECAY,100,13.35,1.73,,,0.1599
2026-05-06 00:00:00,000617,HOLDING_DECAY,200,9.48,2.46,,,-0.1778
2026-05-06 00:00:00,002001,HOLDING_DECAY,100,33.98,4.41,,,-0.1077
2026-05-06 00:00:00,002179,HOLDING_DECAY,100,36.66,4.76,,,0.0592
2026-05-06 00:00:00,300759,HOLDING_DECAY,100,28.1,3.65,,,-0.0664
2026-05-06 00:00:00,600010,HOLDING_DECAY,800,2.82,2.93,,,0.0108
2026-05-06 00:00:00,601607,HOLDING_DECAY,100,17.16,2.23,,,-0.0069
2026-05-06 00:00:00,601988,HOLDING_DECAY,400,5.71,2.97,,,-0.0155
2026-05-07 00:00:00,000301,HOLDING_DECAY,100,12.84,1.67,,,0.1156
2026-05-07 00:00:00,000617,HOLDING_DECAY,100,9.38,1.22,,,-0.1865
2026-05-07 00:00:00,600010,HOLDING_DECAY,500,2.8,1.82,,,0.0036
2026-05-07 00:00:00,601607,HOLDING_DECAY,100,17.13,2.22,,,-0.0087
2026-05-07 00:00:00,601988,HOLDING_DECAY,300,5.69,2.22,,,-0.019
2026-05-08 00:00:00,000301,HOLDING_DECAY,100,12.85,1.67,,,0.1164
2026-05-08 00:00:00,000617,HOLDING_DECAY,100,9.35,1.21,,,-0.1891
2026-05-08 00:00:00,600010,HOLDING_DECAY,400,2.77,1.44,,,-0.0072
2026-05-08 00:00:00,601988,HOLDING_DECAY,200,5.68,1.48,,,-0.0207
2026-05-08 00:00:00,600010,SELL,700,2.77,2.52,,,-0.0072
2026-05-08 00:00:00,601988,SELL,200,5.68,1.48,,,-0.0207
2026-05-08 00:00:00,600905,BUY,4900,4.16,20404.384,6.121315199999999,AUTO,
2026-05-08 00:00:00,603392,BUY,400,42.79,17133.115999999998,5.139934799999999,AUTO,
2026-05-08 00:00:00,001391,BUY,3800,5.34,20312.291999999998,6.093687599999999,AUTO,
2026-05-08 00:00:00,600027,BUY,4000,5.13,20540.519999999997,6.162155999999999,AUTO,
2026-05-08 00:00:00,002252,BUY,3600,5.68,20468.447999999997,6.140534399999998,AUTO,
2026-05-08 00:00:00,600372,BUY,1500,13.66,20510.489999999998,6.153146999999999,AUTO,
2026-05-08 00:00:00,000768,BUY,800,24.45,19579.559999999998,5.873867999999999,AUTO,
2026-05-08 00:00:00,601868,BUY,6400,3.22,20628.608,6.1885824,AUTO,
2026-05-08 00:00:00,601111,BUY,2800,7.29,20432.411999999997,6.129723599999998,AUTO,
2026-05-08 00:00:00,601689,BUY,300,66.44,19951.931999999993,5.985579599999998,AUTO,
2026-05-08 00:00:00,603296,BUY,100,118.6,11871.859999999999,3.5615579999999993,AUTO,
2026-05-08 00:00:00,600011,BUY,2800,7.26,20348.327999999998,6.104498399999999,AUTO,
2026-05-27 00:00:00,603392,STOP_LOSS,400,34.21,4.1,,,-0.2005
2026-05-28 00:00:00,600011,TAKE_PROFIT,800,8.06,8.37,,,0.1102
2026-05-29 00:00:00,000768,HOLDING_DECAY,300,21.85,8.51,,,-0.1063
2026-05-29 00:00:00,001391,HOLDING_DECAY,1200,5.18,8.07,,,-0.03
2026-05-29 00:00:00,002252,HOLDING_DECAY,1100,5.31,7.59,,,-0.0651
2026-05-29 00:00:00,600011,HOLDING_DECAY,600,8.32,6.48,,,0.146
2026-05-29 00:00:00,600027,HOLDING_DECAY,1200,5.47,8.52,,,0.0663
2026-05-29 00:00:00,600372,HOLDING_DECAY,500,11.27,7.32,,,-0.175
2026-05-29 00:00:00,600905,HOLDING_DECAY,1500,4.18,8.14,,,0.0048
2026-05-29 00:00:00,601111,HOLDING_DECAY,900,6.98,8.16,,,-0.0425
2026-05-29 00:00:00,601689,HOLDING_DECAY,100,63.35,8.23,,,-0.0465
2026-05-29 00:00:00,601868,HOLDING_DECAY,2000,2.91,7.56,,,-0.0963
2026-05-29 00:00:00,603296,HOLDING_DECAY,100,104.12,13.52,,,-0.1221
2026-06-01 00:00:00,600011,TAKE_PROFIT,400,9.49,4.93,,,0.3072
2026-06-01 00:00:00,600027,TAKE_PROFIT,800,5.83,6.06,,,0.1365
2026-06-01 00:00:00,000768,HOLDING_DECAY,200,22.0,5.71,,,-0.1002
2026-06-01 00:00:00,001391,HOLDING_DECAY,800,5.19,5.39,,,-0.0281
2026-06-01 00:00:00,002252,HOLDING_DECAY,800,5.25,5.45,,,-0.0757
2026-06-01 00:00:00,600011,HOLDING_DECAY,300,9.49,3.7,,,0.3072
2026-06-01 00:00:00,600027,HOLDING_DECAY,600,5.83,4.54,,,0.1365
2026-06-01 00:00:00,600372,HOLDING_DECAY,300,11.31,4.41,,,-0.172
2026-06-01 00:00:00,600905,HOLDING_DECAY,1100,4.38,6.26,,,0.0529
2026-06-01 00:00:00,601111,HOLDING_DECAY,600,6.83,5.32,,,-0.0631
2026-06-01 00:00:00,601689,HOLDING_DECAY,100,62.26,8.09,,,-0.0629
2026-06-01 00:00:00,601868,HOLDING_DECAY,1400,2.9,5.27,,,-0.0994
2026-06-02 00:00:00,000768,HOLDING_DECAY,100,21.75,2.82,,,-0.1104
2026-06-02 00:00:00,001391,HOLDING_DECAY,600,5.19,4.04,,,-0.0281
2026-06-02 00:00:00,002252,HOLDING_DECAY,600,5.25,4.09,,,-0.0757
2026-06-02 00:00:00,600011,HOLDING_DECAY,300,9.15,3.56,,,0.2603
2026-06-02 00:00:00,600027,HOLDING_DECAY,500,5.61,3.64,,,0.0936
2026-06-02 00:00:00,600372,HOLDING_DECAY,300,11.16,4.35,,,-0.183
2026-06-02 00:00:00,600905,HOLDING_DECAY,700,4.32,3.93,,,0.0385
2026-06-02 00:00:00,601111,HOLDING_DECAY,400,6.65,3.45,,,-0.0878
2026-06-02 00:00:00,601689,HOLDING_DECAY,100,63.13,8.2,,,-0.0498
2026-06-02 00:00:00,601868,HOLDING_DECAY,900,2.86,3.34,,,-0.1118
