date,code,action,shares,price,cost,pnl
2021-07-05 00:00:00,600023,BUY,5300,3.12,4.97,
2021-07-05 00:00:00,600018,BUY,3700,4.41,4.9,
2021-07-05 00:00:00,601328,BUY,4700,3.51,4.95,
2021-07-05 00:00:00,601669,BUY,4700,3.51,4.95,
2021-07-05 00:00:00,600161,BUY,600,25.74,4.64,
2021-07-05 00:00:00,601398,BUY,4300,3.8,4.91,
2021-07-05 00:00:00,600026,BUY,2800,5.79,4.87,
2021-08-02 00:00:00,600018,SELL,3700,4.43,21.29,0.0045
2021-08-02 00:00:00,601328,SELL,4700,3.32,20.26,-0.0541
2021-08-02 00:00:00,600161,SELL,600,25.82,20.12,0.0031
2021-08-02 00:00:00,601398,SELL,4300,3.54,19.77,-0.0684
2021-08-02 00:00:00,600026,SELL,2800,4.81,17.49,-0.1693
2021-08-02 00:00:00,601186,BUY,2600,6.33,4.94,
2021-08-02 00:00:00,600027,BUY,6100,2.74,5.02,
2021-08-02 00:00:00,003816,BUY,7200,2.32,5.02,
2021-08-02 00:00:00,601800,BUY,2800,5.9,4.96,
2021-08-02 00:00:00,601988,BUY,7000,2.36,4.96,
2021-08-02 00:00:00,000776,BUY,1100,14.98,4.95,
2021-08-02 00:00:00,600875,BUY,1500,10.73,4.83,
2021-08-02 00:00:00,601766,BUY,3200,5.14,4.94,
2021-08-02 00:00:00,600011,BUY,4400,3.73,4.93,
2021-08-30 00:00:00,601669,SELL,4700,5.39,32.9,0.5356
2021-08-30 00:00:00,601186,SELL,2600,6.46,21.81,0.0205
2021-08-30 00:00:00,600027,SELL,6100,3.24,25.67,0.1825
2021-08-30 00:00:00,003816,SELL,7200,2.33,21.79,0.0043
2021-08-30 00:00:00,601800,SELL,2800,6.25,22.73,0.0593
2021-08-30 00:00:00,000776,SELL,1100,16.37,23.39,0.0928
2021-08-30 00:00:00,600875,SELL,1500,14.62,28.48,0.3625
2021-08-30 00:00:00,601766,SELL,3200,5.65,23.48,0.0992
2021-08-30 00:00:00,600011,SELL,4400,5.02,28.69,0.3458
2021-08-30 00:00:00,601006,BUY,3900,4.69,5.49,
2021-08-30 00:00:00,600233,BUY,2000,8.97,5.39,
2021-08-30 00:00:00,601088,BUY,1300,14.09,5.5,
2021-08-30 00:00:00,601328,BUY,5500,3.37,5.57,
2021-08-30 00:00:00,600018,BUY,3800,4.84,5.52,
2021-08-30 00:00:00,601077,BUY,6300,2.94,5.56,
2021-08-30 00:00:00,000983,BUY,2400,7.7,5.55,
2021-08-30 00:00:00,601018,BUY,5600,3.31,5.57,
2021-08-30 00:00:00,600028,BUY,5900,3.12,5.53,
2021-09-29 00:00:00,600023,SELL,5300,3.63,24.99,0.1635
2021-09-29 00:00:00,601088,SELL,1300,16.5,27.86,0.171
2021-09-29 00:00:00,600018,SELL,3800,5.21,25.71,0.0764
2021-09-29 00:00:00,601077,SELL,6300,2.94,24.05,0.0
2021-09-29 00:00:00,000983,SELL,2400,8.39,26.15,0.0896
2021-09-29 00:00:00,601018,SELL,5600,3.45,25.09,0.0423
2021-09-29 00:00:00,600028,SELL,5900,3.45,26.44,0.1058
2021-09-29 00:00:00,601398,BUY,5600,3.6,6.05,
2021-09-29 00:00:00,300498,BUY,1400,13.84,5.82,
2021-09-29 00:00:00,601288,BUY,8900,2.27,6.07,
2021-09-29 00:00:00,600026,BUY,3100,6.53,6.08,
2021-09-29 00:00:00,600887,BUY,600,32.07,5.78,
2021-09-29 00:00:00,601916,BUY,7200,2.8,6.05,
2021-09-29 00:00:00,000876,BUY,1300,14.69,5.73,
2021-11-01 00:00:00,600026,STOP_LOSS,3100,5.12,4.76,-0.2159
2021-11-03 00:00:00,601988,SELL,7000,2.38,21.64,0.0085
2021-11-03 00:00:00,601006,SELL,3900,4.89,24.77,0.0426
2021-11-03 00:00:00,600233,SELL,2000,13.52,35.12,0.5072
2021-11-03 00:00:00,601398,SELL,5600,3.57,25.96,-0.0083
2021-11-03 00:00:00,300498,SELL,1400,16.45,29.91,0.1886
2021-11-03 00:00:00,600887,SELL,600,35.56,27.71,0.1088
2021-11-03 00:00:00,601916,SELL,7200,2.72,25.43,-0.0286
2021-11-03 00:00:00,000876,SELL,1300,15.57,26.29,0.0599
2021-11-03 00:00:00,600039,BUY,3400,5.99,6.12,
2021-11-03 00:00:00,600522,BUY,1600,12.64,6.07,
2021-11-03 00:00:00,002920,BUY,100,105.35,3.16,
2021-11-03 00:00:00,000977,BUY,600,30.74,5.54,
2021-11-03 00:00:00,002916,BUY,200,78.86,4.74,
2021-11-03 00:00:00,601169,BUY,5800,3.47,6.04,
2021-11-03 00:00:00,601360,BUY,1700,11.75,6.0,
2021-11-03 00:00:00,601689,BUY,500,34.25,5.14,
2021-11-03 00:00:00,688981,BUY,300,56.99,5.13,
2021-12-01 00:00:00,601328,SELL,5500,3.54,25.29,0.0504
2021-12-01 00:00:00,601288,SELL,8900,2.24,25.89,-0.0132
2021-12-01 00:00:00,600039,SELL,3400,7.4,32.68,0.2354
2021-12-01 00:00:00,600522,SELL,1600,17.26,35.86,0.3655
2021-12-01 00:00:00,002920,SELL,100,127.79,16.6,0.213
2021-12-01 00:00:00,000977,SELL,600,32.94,25.67,0.0716
2021-12-01 00:00:00,002916,SELL,200,77.54,20.14,-0.0167
2021-12-01 00:00:00,601169,SELL,5800,3.45,25.99,-0.0058
2021-12-01 00:00:00,601360,SELL,1700,11.62,25.65,-0.0111
2021-12-01 00:00:00,601689,SELL,500,43.97,28.55,0.2838
2021-12-01 00:00:00,688981,SELL,300,54.5,21.23,-0.0437
2021-12-01 00:00:00,601818,BUY,8400,2.62,6.61,
2021-12-01 00:00:00,002422,BUY,1200,17.32,6.24,
2021-12-01 00:00:00,601916,BUY,8000,2.73,6.56,
2021-12-01 00:00:00,600016,BUY,7100,3.06,6.52,
2021-12-01 00:00:00,600377,BUY,3100,7.07,6.58,
2021-12-01 00:00:00,600918,BUY,2100,10.33,6.51,
2021-12-01 00:00:00,601077,BUY,7500,2.9,6.53,
2021-12-01 00:00:00,601998,BUY,6100,3.57,6.54,
2021-12-01 00:00:00,600015,BUY,5000,4.37,6.56,
2021-12-01 00:00:00,003816,BUY,8200,2.67,6.57,
2021-12-01 00:00:00,000999,BUY,1600,13.15,6.32,
2021-12-29 00:00:00,601818,SELL,8400,2.56,27.93,-0.0229
2021-12-29 00:00:00,002422,SELL,1200,16.89,26.32,-0.0248
2021-12-29 00:00:00,601916,SELL,8000,2.77,28.78,0.0147
2021-12-29 00:00:00,600016,SELL,7100,3.05,28.12,-0.0033
2021-12-29 00:00:00,600377,SELL,3100,7.17,28.87,0.0141
2021-12-29 00:00:00,600918,SELL,2100,9.67,26.37,-0.0639
2021-12-29 00:00:00,601077,SELL,7500,2.92,28.44,0.0069
2021-12-29 00:00:00,600015,SELL,5000,4.32,28.05,-0.0114
2021-12-29 00:00:00,003816,SELL,8200,2.72,28.97,0.0187
2021-12-29 00:00:00,000999,SELL,1600,16.57,34.43,0.2601
2021-12-29 00:00:00,600115,BUY,4400,5.0,6.61,
2021-12-29 00:00:00,601169,BUY,6300,3.49,6.6,
2021-12-29 00:00:00,601816,BUY,4900,4.55,6.7,
2021-12-29 00:00:00,600482,BUY,1100,19.72,6.51,
2021-12-29 00:00:00,601398,BUY,6200,3.59,6.68,
2021-12-29 00:00:00,002252,BUY,3400,6.54,6.68,
2021-12-29 00:00:00,600029,BUY,3300,6.72,6.66,
2021-12-29 00:00:00,601288,BUY,9900,2.25,6.69,
2021-12-29 00:00:00,601607,BUY,1200,17.8,6.41,
2021-12-29 00:00:00,601698,BUY,1500,14.81,6.67,
2022-01-27 00:00:00,601169,SELL,6300,3.53,28.88,0.0115
2022-01-27 00:00:00,600482,SELL,1100,17.07,24.39,-0.1344
2022-01-27 00:00:00,002252,SELL,3400,6.53,28.83,-0.0015
2022-01-27 00:00:00,600029,SELL,3300,7.22,30.94,0.0744
2022-01-27 00:00:00,601607,SELL,1200,17.12,26.68,-0.0382
2022-01-27 00:00:00,601698,SELL,1500,13.17,25.66,-0.1107
2022-01-27 00:00:00,600377,BUY,2900,7.41,6.45,
2022-01-27 00:00:00,601006,BUY,4300,5.09,6.57,
2022-01-27 00:00:00,601328,BUY,6000,3.69,6.65,
2022-01-27 00:00:00,601988,BUY,9100,2.42,6.61,
2022-01-27 00:00:00,601009,BUY,2800,7.86,6.61,
2022-01-27 00:00:00,601939,BUY,4600,4.73,6.53,
2022-03-03 00:00:00,601998,SELL,6100,3.67,29.07,0.028
2022-03-03 00:00:00,600115,SELL,4400,5.89,33.66,0.178
2022-03-03 00:00:00,601816,SELL,4900,4.92,31.31,0.0813
2022-03-03 00:00:00,601398,SELL,6200,3.65,29.39,0.0167
2022-03-03 00:00:00,601288,SELL,9900,2.3,29.57,0.0222
2022-03-03 00:00:00,600377,SELL,2900,7.54,28.4,0.0175
2022-03-03 00:00:00,601006,SELL,4300,5.45,30.44,0.0707
2022-03-03 00:00:00,601328,SELL,6000,3.78,29.45,0.0244
2022-03-03 00:00:00,601009,SELL,2800,8.08,29.38,0.028
2022-03-03 00:00:00,601939,SELL,4600,4.84,28.91,0.0233
2022-03-03 00:00:00,601018,BUY,5600,4.04,6.79,
2022-03-03 00:00:00,601298,BUY,4400,5.06,6.69,
2022-03-03 00:00:00,600025,BUY,3800,5.84,6.66,
2022-03-03 00:00:00,600415,BUY,4800,4.67,6.73,
2022-03-03 00:00:00,600674,BUY,2000,11.08,6.65,
2022-03-03 00:00:00,600362,BUY,1100,20.43,6.75,
2022-03-03 00:00:00,601899,BUY,2000,10.95,6.58,
2022-03-03 00:00:00,601169,BUY,6300,3.58,6.77,
2022-03-03 00:00:00,600028,BUY,6600,3.43,6.8,
2022-03-03 00:00:00,601872,BUY,5400,4.19,6.79,
2022-03-03 00:00:00,600989,BUY,1400,16.18,6.8,
2022-03-15 00:00:00,600362,STOP_LOSS,1100,15.9,5.24,-0.2217
2022-03-31 00:00:00,601018,SELL,5600,3.43,24.95,-0.151
2022-03-31 00:00:00,601298,SELL,4400,4.67,26.69,-0.0771
2022-03-31 00:00:00,600025,SELL,3800,5.33,26.3,-0.0873
2022-03-31 00:00:00,600415,SELL,4800,4.71,29.36,0.0086
2022-03-31 00:00:00,600674,SELL,2000,9.69,25.17,-0.1255
2022-03-31 00:00:00,601899,SELL,2000,10.46,27.17,-0.0447
2022-03-31 00:00:00,600028,SELL,6600,3.34,28.63,-0.0262
2022-03-31 00:00:00,601872,SELL,5400,4.16,29.17,-0.0072
2022-03-31 00:00:00,600989,SELL,1400,13.23,24.05,-0.1823
2022-03-31 00:00:00,601288,BUY,8900,2.36,6.31,
2022-03-31 00:00:00,601398,BUY,5700,3.67,6.28,
2022-03-31 00:00:00,601077,BUY,6900,3.02,6.26,
2022-03-31 00:00:00,601939,BUY,4200,4.93,6.22,
2022-03-31 00:00:00,601229,BUY,4100,5.01,6.17,
2022-03-31 00:00:00,600015,BUY,4900,4.29,6.31,
2022-03-31 00:00:00,601328,BUY,5300,3.93,6.25,
2022-03-31 00:00:00,601916,BUY,7900,2.63,6.24,
2022-03-31 00:00:00,601009,BUY,2500,8.4,6.31,
2022-05-05 00:00:00,601077,SELL,6900,2.96,26.52,-0.0199
2022-05-05 00:00:00,601939,SELL,4200,4.75,25.91,-0.0365
2022-05-05 00:00:00,601229,SELL,4100,4.89,26.04,-0.024
2022-05-05 00:00:00,600015,SELL,4900,4.15,26.41,-0.0326
2022-05-05 00:00:00,601009,SELL,2500,9.14,29.68,0.0881
2022-05-05 00:00:00,600887,BUY,600,32.94,5.94,
2022-05-05 00:00:00,000651,BUY,700,26.27,5.52,
2022-05-05 00:00:00,601319,BUY,5100,4.08,6.25,
2022-05-05 00:00:00,002304,BUY,100,136.94,4.11,
2022-05-05 00:00:00,600028,BUY,6200,3.36,6.26,
2022-06-02 00:00:00,601988,SELL,9100,2.5,29.55,0.0331
2022-06-02 00:00:00,601169,SELL,6300,3.47,28.39,-0.0307
2022-06-02 00:00:00,601288,SELL,8900,2.3,26.58,-0.0254
2022-06-02 00:00:00,601398,SELL,5700,3.57,26.43,-0.0272
2022-06-02 00:00:00,601328,SELL,5300,3.79,26.09,-0.0356
2022-06-02 00:00:00,601916,SELL,7900,2.58,26.47,-0.019
2022-06-02 00:00:00,600887,SELL,600,31.56,24.59,-0.0419
2022-06-02 00:00:00,000651,SELL,700,24.2,22.0,-0.0788
2022-06-02 00:00:00,601319,SELL,5100,4.1,27.16,0.0049
2022-06-02 00:00:00,002304,SELL,100,137.79,17.89,0.0062
2022-06-02 00:00:00,688009,BUY,4900,4.17,6.14,
2022-06-02 00:00:00,300124,BUY,300,62.54,5.63,
2022-06-02 00:00:00,688012,BUY,100,122.82,3.69,
2022-06-02 00:00:00,688981,BUY,400,44.52,5.35,
2022-06-02 00:00:00,600482,BUY,1200,15.85,5.71,
2022-06-02 00:00:00,600016,BUY,6900,2.95,6.11,
2022-06-02 00:00:00,601238,BUY,1300,15.24,5.95,
2022-06-02 00:00:00,600233,BUY,1000,19.34,5.81,
2022-06-02 00:00:00,601872,BUY,3400,5.85,5.97,
2022-06-02 00:00:00,601077,BUY,6900,2.93,6.07,
2022-07-01 00:00:00,600028,SELL,6200,3.39,27.3,0.0089
2022-07-01 00:00:00,688009,SELL,4900,3.97,25.26,-0.048
2022-07-01 00:00:00,300124,SELL,300,63.54,24.76,0.016
2022-07-01 00:00:00,688012,SELL,100,115.64,15.02,-0.0585
2022-07-01 00:00:00,688981,SELL,400,44.81,23.28,0.0065
2022-07-01 00:00:00,600482,SELL,1200,15.21,23.7,-0.0404
2022-07-01 00:00:00,600016,SELL,6900,3.07,27.51,0.0407
2022-07-01 00:00:00,601238,SELL,1300,15.07,25.44,-0.0112
2022-07-01 00:00:00,600233,SELL,1000,18.67,24.25,-0.0346
2022-07-01 00:00:00,601872,SELL,3400,4.96,21.9,-0.1521
2022-07-01 00:00:00,601077,SELL,6900,2.98,26.7,0.0171
2022-07-01 00:00:00,000425,BUY,4000,4.92,5.91,
2022-07-01 00:00:00,000157,BUY,3800,5.26,6.0,
2022-07-01 00:00:00,603195,BUY,400,47.77,5.74,
2022-07-01 00:00:00,600674,BUY,1800,11.03,5.96,
2022-07-01 00:00:00,601988,BUY,7800,2.55,5.97,
2022-07-01 00:00:00,002304,BUY,100,159.27,4.78,
2022-07-01 00:00:00,000858,BUY,100,178.63,5.36,
2022-07-01 00:00:00,600176,BUY,1200,15.83,5.7,
2022-07-29 00:00:00,000425,SELL,4000,4.96,25.77,0.0081
2022-07-29 00:00:00,000157,SELL,3800,5.26,25.96,0.0
2022-07-29 00:00:00,603195,SELL,400,44.98,23.37,-0.0584
2022-07-29 00:00:00,600674,SELL,1800,11.59,27.09,0.0508
2022-07-29 00:00:00,002304,SELL,100,142.72,18.54,-0.1039
2022-07-29 00:00:00,000858,SELL,100,156.99,20.39,-0.1211
2022-07-29 00:00:00,600176,SELL,1200,13.59,21.18,-0.1415
2022-07-29 00:00:00,600050,BUY,6200,3.09,5.75,
2022-07-29 00:00:00,600028,BUY,5600,3.41,5.73,
2022-07-29 00:00:00,600489,BUY,2800,6.72,5.65,
2022-07-29 00:00:00,601689,BUY,300,61.3,5.52,
2022-07-29 00:00:00,600547,BUY,1000,17.93,5.38,
2022-07-29 00:00:00,688009,BUY,4800,4.02,5.79,
2022-07-29 00:00:00,601288,BUY,8200,2.35,5.79,
2022-07-29 00:00:00,600015,BUY,4600,4.21,5.82,
2022-07-29 00:00:00,002920,BUY,100,187.94,5.64,
2022-07-29 00:00:00,601138,BUY,2100,8.84,5.57,
2022-07-29 00:00:00,002311,BUY,300,62.96,5.67,
2022-08-26 00:00:00,601988,SELL,7800,2.54,25.73,-0.0039
2022-08-26 00:00:00,600050,SELL,6200,3.17,25.52,0.0259
2022-08-26 00:00:00,600489,SELL,2800,6.75,24.55,0.0045
2022-08-26 00:00:00,601689,SELL,300,55.89,21.78,-0.0883
2022-08-26 00:00:00,600547,SELL,1000,17.73,23.03,-0.0112
2022-08-26 00:00:00,688009,SELL,4800,3.98,24.81,-0.01
2022-08-26 00:00:00,601288,SELL,8200,2.32,24.71,-0.0128
2022-08-26 00:00:00,600015,SELL,4600,4.2,25.09,-0.0024
2022-08-26 00:00:00,002920,SELL,100,154.07,20.01,-0.1802
2022-08-26 00:00:00,601138,SELL,2100,8.67,23.65,-0.0192
2022-08-26 00:00:00,002311,SELL,300,60.3,23.49,-0.0422
2022-08-26 00:00:00,601006,BUY,3500,5.34,5.61,
2022-08-26 00:00:00,600161,BUY,1000,18.53,5.56,
2022-08-26 00:00:00,601398,BUY,5200,3.57,5.57,
2022-08-26 00:00:00,003816,BUY,7100,2.63,5.61,
2022-08-26 00:00:00,601857,BUY,4200,4.46,5.63,
2022-08-26 00:00:00,600016,BUY,6300,2.99,5.66,
2022-08-26 00:00:00,601998,BUY,5100,3.67,5.62,
2022-08-26 00:00:00,601808,BUY,1300,14.38,5.61,
2022-08-26 00:00:00,601328,BUY,4900,3.79,5.58,
2022-08-26 00:00:00,600803,BUY,1000,18.71,5.62,
2022-08-26 00:00:00,600027,BUY,3600,5.19,5.61,
2022-09-26 00:00:00,600028,SELL,5600,3.68,26.76,0.0792
2022-09-26 00:00:00,600161,SELL,1000,16.4,21.3,-0.1149
2022-09-26 00:00:00,003816,SELL,7100,2.47,22.78,-0.0608
2022-09-26 00:00:00,601857,SELL,4200,4.36,23.78,-0.0224
2022-09-26 00:00:00,600016,SELL,6300,2.84,23.24,-0.0502
2022-09-26 00:00:00,601808,SELL,1300,14.07,23.75,-0.0216
2022-09-26 00:00:00,600803,SELL,1000,16.12,20.94,-0.1384
2022-09-26 00:00:00,600027,SELL,3600,5.72,26.74,0.1021
2022-09-26 00:00:00,601169,BUY,5300,3.47,5.52,
2022-09-26 00:00:00,601288,BUY,7900,2.35,5.58,
2022-09-26 00:00:00,601988,BUY,7200,2.57,5.56,
2022-09-26 00:00:00,601939,BUY,4000,4.62,5.55,
2022-09-26 00:00:00,601229,BUY,3900,4.74,5.55,
2022-09-26 00:00:00,601077,BUY,6400,2.9,5.57,
2022-09-26 00:00:00,601818,BUY,7900,2.33,5.53,
2022-10-31 00:00:00,601006,SELL,3500,5.38,24.45,0.0075
2022-10-31 00:00:00,601398,SELL,5200,3.4,22.96,-0.0476
2022-10-31 00:00:00,601998,SELL,5100,3.64,24.11,-0.0082
2022-10-31 00:00:00,601328,SELL,4900,3.69,23.48,-0.0264
2022-10-31 00:00:00,601288,SELL,7900,2.27,23.29,-0.034
2022-10-31 00:00:00,601939,SELL,4000,4.45,23.12,-0.0368
2022-10-31 00:00:00,601229,SELL,3900,4.49,22.74,-0.0527
2022-10-31 00:00:00,601818,SELL,7900,2.24,22.98,-0.0386
2022-10-31 00:00:00,688009,BUY,4300,4.15,5.36,
2022-10-31 00:00:00,600377,BUY,2700,6.63,5.38,
2022-10-31 00:00:00,600845,BUY,600,27.34,4.93,
2022-10-31 00:00:00,300628,BUY,400,43.18,5.19,
2022-10-31 00:00:00,601607,BUY,1100,16.28,5.38,
2022-10-31 00:00:00,000999,BUY,600,29.61,5.34,
2022-10-31 00:00:00,600050,BUY,5900,3.02,5.35,
2022-10-31 00:00:00,600039,BUY,2600,6.68,5.22,
2022-10-31 00:00:00,601698,BUY,1500,11.61,5.23,
2022-11-28 00:00:00,601077,SELL,6400,2.88,23.94,-0.0069
2022-11-28 00:00:00,688009,SELL,4300,4.26,23.79,0.0265
2022-11-28 00:00:00,600377,SELL,2700,7.03,24.65,0.0603
2022-11-28 00:00:00,600845,SELL,600,26.12,20.35,-0.0446
2022-11-28 00:00:00,300628,SELL,400,40.23,20.9,-0.0683
2022-11-28 00:00:00,601607,SELL,1100,17.22,24.6,0.0577
2022-11-28 00:00:00,000999,SELL,600,29.97,23.35,0.0122
2022-11-28 00:00:00,600050,SELL,5900,3.83,29.35,0.2682
2022-11-28 00:00:00,600039,SELL,2600,6.95,23.47,0.0404
2022-11-28 00:00:00,601698,SELL,1500,11.37,22.15,-0.0207
2022-11-28 00:00:00,601328,BUY,4700,3.91,5.52,
2022-11-28 00:00:00,600886,BUY,1800,10.21,5.52,
2022-11-28 00:00:00,000617,BUY,3200,5.67,5.45,
2022-11-28 00:00:00,601288,BUY,7800,2.35,5.5,
2022-11-28 00:00:00,601818,BUY,7700,2.4,5.55,
2022-11-28 00:00:00,000425,BUY,3900,4.74,5.55,
2022-11-28 00:00:00,600028,BUY,4800,3.84,5.54,
2022-11-28 00:00:00,601229,BUY,3900,4.73,5.54,
2022-11-28 00:00:00,600015,BUY,4400,4.19,5.54,
2022-11-28 00:00:00,003816,BUY,7200,2.56,5.54,
2022-12-26 00:00:00,601169,SELL,5300,3.56,24.5,0.0259
2022-12-26 00:00:00,600886,SELL,1800,9.65,22.56,-0.0548
2022-12-26 00:00:00,000617,SELL,3200,5.46,22.69,-0.037
2022-12-26 00:00:00,601818,SELL,7700,2.46,24.6,0.025
2022-12-26 00:00:00,000425,SELL,3900,4.72,23.91,-0.0042
2022-12-26 00:00:00,600028,SELL,4800,3.72,23.19,-0.0312
2022-12-26 00:00:00,601229,SELL,3900,4.7,23.81,-0.0063
2022-12-26 00:00:00,600015,SELL,4400,4.21,24.06,0.0048
2022-12-26 00:00:00,003816,SELL,7200,2.47,23.1,-0.0352
2022-12-26 00:00:00,002422,BUY,700,23.46,4.93,
2022-12-26 00:00:00,600029,BUY,2300,7.79,5.38,
2022-12-26 00:00:00,601398,BUY,5200,3.49,5.45,
2022-12-26 00:00:00,600515,BUY,3500,5.17,5.43,
2022-12-26 00:00:00,002415,BUY,500,31.41,4.72,
2023-01-31 00:00:00,601988,SELL,7200,2.71,25.34,0.0545
2023-01-31 00:00:00,601328,SELL,4700,4.02,24.54,0.0281
2023-01-31 00:00:00,601288,SELL,7800,2.4,24.31,0.0213
2023-01-31 00:00:00,002422,SELL,700,25.01,22.74,0.0661
2023-01-31 00:00:00,600029,SELL,2300,7.33,21.89,-0.0591
2023-01-31 00:00:00,601398,SELL,5200,3.54,23.91,0.0143
2023-01-31 00:00:00,600515,SELL,3500,4.62,21.0,-0.1064
2023-01-31 00:00:00,002415,SELL,500,32.25,20.94,0.0267
2023-01-31 00:00:00,600372,BUY,1000,17.51,5.26,
2023-01-31 00:00:00,300418,BUY,1100,16.4,5.42,
2023-01-31 00:00:00,600346,BUY,1100,16.29,5.38,
2023-01-31 00:00:00,603993,BUY,3400,5.24,5.35,
2023-01-31 00:00:00,300033,BUY,200,79.51,4.78,
2023-01-31 00:00:00,600036,BUY,500,34.41,5.17,
2023-01-31 00:00:00,000425,BUY,3300,5.42,5.37,
2023-01-31 00:00:00,000725,BUY,4700,3.84,5.42,
2023-01-31 00:00:00,600019,BUY,3300,5.51,5.46,
2023-01-31 00:00:00,300394,BUY,1200,14.1,5.08,
2023-01-31 00:00:00,601377,BUY,2800,6.46,5.43,
2023-02-28 00:00:00,600372,SELL,1000,16.76,21.77,-0.0428
2023-02-28 00:00:00,300418,SELL,1100,22.17,31.67,0.3518
2023-02-28 00:00:00,600346,SELL,1100,16.41,23.44,0.0074
2023-02-28 00:00:00,603993,SELL,3400,5.46,24.11,0.042
2023-02-28 00:00:00,300033,SELL,200,79.89,20.75,0.0048
2023-02-28 00:00:00,600036,SELL,500,31.16,20.23,-0.0944
2023-02-28 00:00:00,000425,SELL,3300,6.61,28.33,0.2196
2023-02-28 00:00:00,000725,SELL,4700,4.03,24.6,0.0495
2023-02-28 00:00:00,600019,SELL,3300,5.87,25.16,0.0653
2023-02-28 00:00:00,300394,SELL,1200,19.95,31.09,0.4149
2023-02-28 00:00:00,601377,SELL,2800,6.02,21.89,-0.0681
2023-02-28 00:00:00,302132,BUY,300,51.95,4.68,
2023-02-28 00:00:00,601169,BUY,5300,3.64,5.79,
2023-02-28 00:00:00,688009,BUY,4100,4.68,5.76,
2023-02-28 00:00:00,601607,BUY,1000,18.3,5.5,
2023-02-28 00:00:00,600025,BUY,2900,6.67,5.81,
2023-02-28 00:00:00,600674,BUY,1600,12.07,5.8,
2023-02-28 00:00:00,601816,BUY,4100,4.7,5.79,
2023-02-28 00:00:00,003816,BUY,7700,2.54,5.87,
2023-02-28 00:00:00,601988,BUY,7200,2.72,5.88,
2023-02-28 00:00:00,601006,BUY,3400,5.7,5.82,
2023-02-28 00:00:00,600886,BUY,1900,9.99,5.7,
2023-02-28 00:00:00,600028,BUY,4800,4.02,5.79,
2023-03-28 00:00:00,302132,SELL,300,52.46,20.44,0.0098
2023-03-28 00:00:00,688009,SELL,4100,4.99,26.57,0.0662
2023-03-28 00:00:00,601607,SELL,1000,19.0,24.68,0.0383
2023-03-28 00:00:00,600025,SELL,2900,6.53,24.59,-0.021
2023-03-28 00:00:00,600674,SELL,1600,12.18,25.31,0.0091
2023-03-28 00:00:00,601816,SELL,4100,4.89,26.04,0.0404
2023-03-28 00:00:00,003816,SELL,7700,2.66,26.6,0.0472
2023-03-28 00:00:00,601988,SELL,7200,2.84,26.56,0.0441
2023-03-28 00:00:00,601006,SELL,3400,6.04,26.67,0.0596
2023-03-28 00:00:00,600886,SELL,1900,9.99,24.65,0.0
2023-03-28 00:00:00,600028,SELL,4800,4.79,29.86,0.1915
2023-03-28 00:00:00,600415,BUY,3700,5.49,6.1,
2023-03-28 00:00:00,600346,BUY,1200,16.08,5.79,
2023-03-28 00:00:00,688256,BUY,100,115.34,3.46,
2023-03-28 00:00:00,601298,BUY,3700,5.38,5.98,
2023-03-28 00:00:00,600016,BUY,7100,2.84,6.06,
2023-03-28 00:00:00,601916,BUY,8900,2.27,6.07,
2023-03-28 00:00:00,600015,BUY,4500,4.45,6.01,
2023-03-28 00:00:00,300033,BUY,100,120.67,3.62,
2023-03-28 00:00:00,601288,BUY,8000,2.54,6.1,
2023-03-28 00:00:00,600066,BUY,2200,8.99,5.94,
2023-04-26 00:00:00,600415,SELL,3700,8.35,40.12,0.5209
2023-04-26 00:00:00,600346,SELL,1200,14.61,22.77,-0.0914
2023-04-26 00:00:00,688256,SELL,100,159.6,20.73,0.3837
2023-04-26 00:00:00,601298,SELL,3700,5.98,28.74,0.1115
2023-04-26 00:00:00,600016,SELL,7100,2.97,27.39,0.0458
2023-04-26 00:00:00,600015,SELL,4500,4.76,27.82,0.0697
2023-04-26 00:00:00,300033,SELL,100,119.62,15.54,-0.0087
2023-04-26 00:00:00,600066,SELL,2200,10.59,30.26,0.178
2023-04-26 00:00:00,601077,BUY,7200,3.09,6.68,
2023-04-26 00:00:00,601229,BUY,4400,5.01,6.62,
2023-04-26 00:00:00,601328,BUY,4800,4.6,6.63,
2023-04-26 00:00:00,601939,BUY,4200,5.29,6.67,
2023-04-26 00:00:00,003816,BUY,7900,2.84,6.74,
2023-04-26 00:00:00,601398,BUY,5700,3.9,6.68,
2023-04-26 00:00:00,600886,BUY,2100,10.61,6.69,
2023-04-26 00:00:00,601988,BUY,7200,3.08,6.66,
2023-04-26 00:00:00,601818,BUY,8600,2.6,6.71,
2023-05-29 00:00:00,601169,SELL,5300,4.05,27.88,0.1126
2023-05-29 00:00:00,601916,SELL,8900,2.41,27.86,0.0617
2023-05-29 00:00:00,601288,SELL,8000,2.93,30.44,0.1535
2023-05-29 00:00:00,601077,SELL,7200,3.22,30.11,0.0421
2023-05-29 00:00:00,601229,SELL,4400,4.99,28.51,-0.004
2023-05-29 00:00:00,601328,SELL,4800,4.94,30.79,0.0739
2023-05-29 00:00:00,601939,SELL,4200,5.41,29.51,0.0227
2023-05-29 00:00:00,003816,SELL,7900,2.94,30.16,0.0352
2023-05-29 00:00:00,601398,SELL,5700,3.98,29.46,0.0205
2023-05-29 00:00:00,601988,SELL,7200,3.35,31.32,0.0877
2023-05-29 00:00:00,601818,SELL,8600,2.62,29.26,0.0077
2023-05-29 00:00:00,002252,BUY,3400,6.72,6.86,
2023-05-29 00:00:00,600023,BUY,4900,4.71,6.93,
2023-05-29 00:00:00,600674,BUY,1600,14.11,6.78,
2023-05-29 00:00:00,603501,BUY,200,96.57,5.8,
2023-05-29 00:00:00,600025,BUY,3200,7.15,6.87,
2023-05-29 00:00:00,000100,BUY,6400,3.61,6.94,
2023-05-29 00:00:00,600845,BUY,600,33.59,6.05,
2023-05-29 00:00:00,002422,BUY,700,30.76,6.47,
2023-05-29 00:00:00,601607,BUY,1000,21.34,6.41,
2023-05-29 00:00:00,002028,BUY,500,45.9,6.89,
2023-06-28 00:00:00,600886,SELL,2100,11.88,32.4,0.1197
2023-06-28 00:00:00,002252,SELL,3400,7.32,32.32,0.0893
2023-06-28 00:00:00,600023,SELL,4900,4.73,30.1,0.0042
2023-06-28 00:00:00,600674,SELL,1600,14.08,29.26,-0.0021
2023-06-28 00:00:00,603501,SELL,200,96.64,25.1,0.0007
2023-06-28 00:00:00,600025,SELL,3200,6.91,28.72,-0.0336
2023-06-28 00:00:00,000100,SELL,6400,3.73,31.0,0.0332
2023-06-28 00:00:00,600845,SELL,600,39.56,30.83,0.1777
2023-06-28 00:00:00,002422,SELL,700,27.77,25.25,-0.0972
2023-06-28 00:00:00,601607,SELL,1000,19.78,25.69,-0.0731
2023-06-28 00:00:00,002028,SELL,500,44.7,29.03,-0.0261
2023-06-28 00:00:00,600660,BUY,700,31.88,6.7,
2023-06-28 00:00:00,600760,BUY,500,42.27,6.35,
2023-06-28 00:00:00,601985,BUY,3400,6.67,6.81,
2023-06-28 00:00:00,003816,BUY,7900,2.92,6.93,
2023-06-28 00:00:00,600482,BUY,900,23.84,6.44,
2023-06-28 00:00:00,600066,BUY,2000,11.54,6.93,
2023-06-28 00:00:00,002920,BUY,100,142.38,4.28,
2023-06-28 00:00:00,000768,BUY,900,24.52,6.63,
2023-06-28 00:00:00,601088,BUY,900,24.46,6.61,
2023-06-28 00:00:00,300308,BUY,200,101.11,6.07,
2023-06-28 00:00:00,000625,BUY,1900,12.21,6.97,
2023-06-28 00:00:00,601238,BUY,2200,10.15,6.71,
2023-07-26 00:00:00,600660,SELL,700,33.8,30.73,0.0602
2023-07-26 00:00:00,600760,SELL,500,43.16,28.03,0.0211
2023-07-26 00:00:00,601985,SELL,3400,6.9,30.47,0.0345
2023-07-26 00:00:00,003816,SELL,7900,2.89,29.65,-0.0103
2023-07-26 00:00:00,600482,SELL,900,20.9,24.43,-0.1233
2023-07-26 00:00:00,600066,SELL,2000,11.32,29.4,-0.0191
2023-07-26 00:00:00,002920,SELL,100,145.39,18.88,0.0211
2023-07-26 00:00:00,000768,SELL,900,25.4,29.69,0.0359
2023-07-26 00:00:00,601088,SELL,900,24.96,29.17,0.0204
2023-07-26 00:00:00,300308,SELL,200,91.9,23.87,-0.0911
2023-07-26 00:00:00,000625,SELL,1900,13.4,33.06,0.0975
2023-07-26 00:00:00,601238,SELL,2200,10.58,30.23,0.0424
2023-07-26 00:00:00,601229,BUY,4500,5.17,6.99,
2023-07-26 00:00:00,002001,BUY,1500,15.53,7.0,
2023-07-26 00:00:00,601878,BUY,2300,9.95,6.87,
2023-07-26 00:00:00,601901,BUY,3400,6.72,6.86,
2023-07-26 00:00:00,002736,BUY,2600,8.68,6.78,
2023-07-26 00:00:00,601211,BUY,1600,14.18,6.81,
2023-07-26 00:00:00,600016,BUY,6800,3.44,7.02,
2023-07-26 00:00:00,600999,BUY,1700,13.54,6.91,
2023-07-26 00:00:00,600015,BUY,4700,4.93,6.96,
2023-07-26 00:00:00,600918,BUY,3200,7.14,6.86,
2023-07-26 00:00:00,601077,BUY,7000,3.3,6.94,
2023-08-23 00:00:00,601229,SELL,4500,5.18,30.27,0.0019
2023-08-23 00:00:00,002001,SELL,1500,14.59,28.42,-0.0605
2023-08-23 00:00:00,601878,SELL,2300,10.02,29.93,0.007
2023-08-23 00:00:00,601901,SELL,3400,7.05,31.13,0.0491
2023-08-23 00:00:00,002736,SELL,2600,8.81,29.75,0.015
2023-08-23 00:00:00,601211,SELL,1600,14.05,29.19,-0.0092
2023-08-23 00:00:00,600016,SELL,6800,3.49,30.82,0.0145
2023-08-23 00:00:00,600999,SELL,1700,13.6,30.03,0.0044
2023-08-23 00:00:00,600015,SELL,4700,4.91,29.97,-0.0041
2023-08-23 00:00:00,600918,SELL,3200,7.55,31.38,0.0574
2023-08-23 00:00:00,601077,SELL,7000,3.34,30.36,0.0121
2023-08-23 00:00:00,601006,BUY,3500,6.56,6.89,
2023-08-23 00:00:00,601088,BUY,900,24.6,6.65,
2023-08-23 00:00:00,600025,BUY,3300,6.98,6.92,
2023-08-23 00:00:00,600660,BUY,600,34.45,6.21,
2023-08-23 00:00:00,600377,BUY,2500,9.22,6.92,
2023-08-23 00:00:00,003816,BUY,7700,3.03,7.01,
2023-08-23 00:00:00,601225,BUY,1600,14.65,7.04,
2023-08-23 00:00:00,600674,BUY,1600,14.23,6.84,
2023-08-23 00:00:00,601818,BUY,8700,2.7,7.05,
2023-08-23 00:00:00,601939,BUY,4300,5.36,6.92,
2023-08-23 00:00:00,601985,BUY,3300,7.01,6.95,
2023-08-23 00:00:00,600886,BUY,1900,12.22,6.97,
2023-09-20 00:00:00,600025,SELL,3300,7.21,30.9,0.033
2023-09-20 00:00:00,600660,SELL,600,34.95,27.23,0.0145
2023-09-20 00:00:00,003816,SELL,7700,3.08,30.8,0.0165
2023-09-20 00:00:00,601225,SELL,1600,16.83,34.97,0.1488
2023-09-20 00:00:00,600674,SELL,1600,14.42,29.96,0.0134
2023-09-20 00:00:00,601818,SELL,8700,2.71,30.62,0.0037
2023-09-20 00:00:00,601985,SELL,3300,7.08,30.34,0.01
2023-09-20 00:00:00,600886,SELL,1900,11.42,28.18,-0.0655
2023-09-20 00:00:00,601018,BUY,7500,3.18,7.16,
2023-09-20 00:00:00,601229,BUY,4500,5.33,7.2,
2023-09-20 00:00:00,000895,BUY,1000,23.75,7.13,
2023-09-20 00:00:00,601288,BUY,7600,3.14,7.17,
2023-09-20 00:00:00,601328,BUY,4700,5.09,7.18,
2023-09-20 00:00:00,601916,BUY,10300,2.33,7.21,
2023-09-20 00:00:00,601988,BUY,7100,3.38,7.21,
2023-09-20 00:00:00,002001,BUY,1500,15.33,6.91,
2023-10-26 00:00:00,601088,SELL,900,26.81,31.34,0.0898
2023-10-26 00:00:00,601939,SELL,4300,5.77,32.22,0.0765
2023-10-26 00:00:00,601018,SELL,7500,3.03,29.51,-0.0472
2023-10-26 00:00:00,601229,SELL,4500,5.26,30.74,-0.0131
2023-10-26 00:00:00,601916,SELL,10300,2.26,30.23,-0.03
2023-10-26 00:00:00,601988,SELL,7100,3.47,32.0,0.0266
2023-10-26 00:00:00,002001,SELL,1500,14.56,28.36,-0.0502
2023-10-26 00:00:00,300498,BUY,1300,17.5,6.83,
2023-10-26 00:00:00,600161,BUY,1000,22.42,6.73,
2023-10-26 00:00:00,600025,BUY,3200,7.25,6.97,
2023-10-26 00:00:00,601398,BUY,5600,4.19,7.05,
2023-10-26 00:00:00,002736,BUY,2600,9.06,7.07,
2023-10-26 00:00:00,600015,BUY,4700,5.01,7.07,
2023-10-26 00:00:00,601127,BUY,200,81.58,4.9,
2023-11-23 00:00:00,601006,SELL,3500,6.36,28.91,-0.0305
2023-11-23 00:00:00,600377,SELL,2500,9.29,30.16,0.0076
2023-11-23 00:00:00,000895,SELL,1000,22.54,29.27,-0.0509
2023-11-23 00:00:00,601288,SELL,7600,3.21,31.68,0.0223
2023-11-23 00:00:00,601328,SELL,4700,5.17,31.56,0.0157
2023-11-23 00:00:00,300498,SELL,1300,18.2,30.73,0.04
2023-11-23 00:00:00,601398,SELL,5600,4.2,30.55,0.0024
2023-11-23 00:00:00,600015,SELL,4700,4.99,30.46,-0.004
2023-11-23 00:00:00,601127,SELL,200,77.78,20.2,-0.0466
2023-11-23 00:00:00,601018,BUY,7400,3.25,7.22,
2023-11-23 00:00:00,002001,BUY,1500,15.66,7.05,
2023-11-23 00:00:00,002252,BUY,3200,7.31,7.02,
2023-11-23 00:00:00,601919,BUY,3000,8.02,7.23,
2023-11-23 00:00:00,000408,BUY,1000,22.68,6.81,
2023-11-23 00:00:00,600160,BUY,1500,15.92,7.17,
2023-11-23 00:00:00,000338,BUY,1700,13.6,6.94,
2023-11-23 00:00:00,601225,BUY,1400,16.93,7.12,
2023-12-21 00:00:00,600161,SELL,1000,24.69,32.06,0.1012
2023-12-21 00:00:00,002736,SELL,2600,7.98,26.95,-0.1192
2023-12-21 00:00:00,601018,SELL,7400,3.3,31.71,0.0154
2023-12-21 00:00:00,002252,SELL,3200,7.95,33.04,0.0876
2023-12-21 00:00:00,601919,SELL,3000,8.62,33.58,0.0748
2023-12-21 00:00:00,000408,SELL,1000,22.63,29.39,-0.0022
2023-12-21 00:00:00,600160,SELL,1500,16.16,31.48,0.0151
2023-12-21 00:00:00,000338,SELL,1700,12.27,27.09,-0.0978
2023-12-21 00:00:00,003816,BUY,8100,2.96,7.2,
2023-12-21 00:00:00,601398,BUY,5700,4.19,7.17,
2023-12-21 00:00:00,600018,BUY,5100,4.71,7.21,
2023-12-21 00:00:00,601169,BUY,6100,3.96,7.25,
2023-12-21 00:00:00,600377,BUY,2400,9.72,7.01,
2023-12-21 00:00:00,601006,BUY,3700,6.46,7.18,
2023-12-21 00:00:00,600674,BUY,1700,13.94,7.12,
2023-12-21 00:00:00,601298,BUY,4100,5.82,7.17,
2024-01-19 00:00:00,600025,SELL,3200,8.2,34.08,0.131
2024-01-19 00:00:00,002001,SELL,1500,15.51,30.21,-0.0096
2024-01-19 00:00:00,003816,SELL,8100,3.2,33.66,0.0811
2024-01-19 00:00:00,600018,SELL,5100,4.92,32.59,0.0446
2024-01-19 00:00:00,600377,SELL,2400,10.33,32.2,0.0628
2024-01-19 00:00:00,601006,SELL,3700,6.56,31.52,0.0155
2024-01-19 00:00:00,600674,SELL,1700,13.9,30.69,-0.0029
2024-01-19 00:00:00,601298,SELL,4100,6.2,33.01,0.0653
2024-01-19 00:00:00,601229,BUY,4600,5.36,7.4,
2024-01-19 00:00:00,600919,BUY,4000,6.14,7.38,
2024-01-19 00:00:00,601009,BUY,3600,6.9,7.46,
2024-01-19 00:00:00,601818,BUY,9500,2.63,7.5,
2024-01-19 00:00:00,000157,BUY,3900,6.35,7.44,
2024-01-19 00:00:00,601916,BUY,10600,2.35,7.48,
2024-01-19 00:00:00,000895,BUY,1000,23.66,7.11,
2024-01-19 00:00:00,000333,BUY,400,50.98,6.12,
2024-01-19 00:00:00,600036,BUY,900,26.2,7.08,
2024-02-26 00:00:00,601398,SELL,5700,4.65,34.42,0.1098
2024-02-26 00:00:00,601169,SELL,6100,4.65,36.84,0.1742
2024-02-26 00:00:00,601229,SELL,4600,5.59,33.39,0.0429
2024-02-26 00:00:00,600919,SELL,4000,6.64,34.49,0.0814
2024-02-26 00:00:00,601009,SELL,3600,7.49,35.02,0.0855
2024-02-26 00:00:00,601818,SELL,9500,2.82,34.79,0.0722
2024-02-26 00:00:00,601916,SELL,10600,2.49,34.28,0.0596
2024-02-26 00:00:00,000895,SELL,1000,25.69,33.36,0.0858
2024-02-26 00:00:00,000333,SELL,400,54.76,28.45,0.0741
2024-02-26 00:00:00,600036,SELL,900,28.42,33.22,0.0847
2024-02-26 00:00:00,601766,BUY,4600,5.86,8.09,
2024-02-26 00:00:00,000338,BUY,1700,15.27,7.8,
2024-02-26 00:00:00,000651,BUY,800,33.57,8.06,
2024-02-26 00:00:00,600160,BUY,1300,20.01,7.81,
2024-02-26 00:00:00,600660,BUY,700,38.11,8.01,
2024-02-26 00:00:00,601088,BUY,800,33.87,8.14,
2024-02-26 00:00:00,600019,BUY,4400,6.08,8.03,
2024-02-26 00:00:00,600188,BUY,1500,17.73,7.99,
2024-02-26 00:00:00,600150,BUY,800,32.43,7.79,
2024-03-25 00:00:00,601225,SELL,1400,23.1,42.0,0.3644
2024-03-25 00:00:00,000157,SELL,3900,7.12,36.06,0.1213
2024-03-25 00:00:00,601766,SELL,4600,6.04,36.08,0.0307
2024-03-25 00:00:00,000338,SELL,1700,14.83,32.74,-0.0288
2024-03-25 00:00:00,000651,SELL,800,32.95,34.23,-0.0185
2024-03-25 00:00:00,600160,SELL,1300,21.62,36.5,0.0805
2024-03-25 00:00:00,600660,SELL,700,38.62,35.11,0.0134
2024-03-25 00:00:00,601088,SELL,800,33.79,35.11,-0.0024
2024-03-25 00:00:00,600019,SELL,4400,6.0,34.29,-0.0132
2024-03-25 00:00:00,600188,SELL,1500,16.21,31.58,-0.0857
2024-03-25 00:00:00,600150,SELL,800,34.34,35.68,0.0589
2024-03-25 00:00:00,601916,BUY,10100,2.68,8.13,
2024-03-25 00:00:00,600031,BUY,1900,13.93,7.95,
2024-03-25 00:00:00,000596,BUY,100,240.53,7.22,
2024-03-25 00:00:00,601878,BUY,2500,10.7,8.03,
2024-03-25 00:00:00,601229,BUY,4700,5.75,8.12,
2024-03-25 00:00:00,002371,BUY,100,233.53,7.01,
2024-03-25 00:00:00,601169,BUY,5300,5.11,8.13,
2024-03-25 00:00:00,600015,BUY,4800,5.62,8.1,
2024-03-25 00:00:00,601600,BUY,4000,6.77,8.13,
2024-03-25 00:00:00,600219,BUY,9600,2.82,8.13,
2024-03-25 00:00:00,600176,BUY,2700,9.78,7.93,
2024-03-25 00:00:00,601818,BUY,9300,2.89,8.07,
2024-04-24 00:00:00,601916,SELL,10100,2.65,34.76,-0.0112
2024-04-24 00:00:00,600031,SELL,1900,14.73,36.35,0.0574
2024-04-24 00:00:00,000596,SELL,100,244.32,31.73,0.0158
2024-04-24 00:00:00,601878,SELL,2500,9.69,31.46,-0.0944
2024-04-24 00:00:00,002371,SELL,100,224.83,29.2,-0.0373
2024-04-24 00:00:00,601169,SELL,5300,5.08,34.97,-0.0059
2024-04-24 00:00:00,601600,SELL,4000,6.7,34.81,-0.0103
2024-04-24 00:00:00,600219,SELL,9600,2.91,36.28,0.0319
2024-04-24 00:00:00,600176,SELL,2700,11.39,39.94,0.1646
2024-04-24 00:00:00,601818,SELL,9300,2.72,32.85,-0.0588
2024-04-24 00:00:00,601838,BUY,2100,12.8,8.07,
2024-04-24 00:00:00,601919,BUY,2800,9.56,8.04,
2024-04-24 00:00:00,601009,BUY,3300,8.17,8.1,
2024-04-24 00:00:00,600926,BUY,2400,11.03,7.95,
2024-04-24 00:00:00,002001,BUY,1600,17.03,8.18,
2024-04-24 00:00:00,603195,BUY,500,50.23,7.54,
2024-04-24 00:00:00,600690,BUY,1000,25.97,7.8,
2024-04-24 00:00:00,688169,BUY,100,192.03,5.77,
2024-04-24 00:00:00,600919,BUY,3800,7.06,8.06,
2024-04-24 00:00:00,601298,BUY,3500,7.66,8.05,
2024-05-27 00:00:00,600015,SELL,4800,6.2,38.65,0.1032
2024-05-27 00:00:00,601838,SELL,2100,14.34,39.11,0.1203
2024-05-27 00:00:00,600926,SELL,2400,12.57,39.18,0.1396
2024-05-27 00:00:00,002001,SELL,1600,18.34,38.11,0.0769
2024-05-27 00:00:00,603195,SELL,500,58.55,38.02,0.1656
2024-05-27 00:00:00,600690,SELL,1000,28.46,36.96,0.0959
2024-05-27 00:00:00,688169,SELL,100,208.57,27.09,0.0861
2024-05-27 00:00:00,600919,SELL,3800,7.25,35.78,0.0269
2024-05-27 00:00:00,601298,SELL,3500,7.81,35.5,0.0196
2024-05-27 00:00:00,601166,BUY,1900,15.89,9.07,
2024-05-27 00:00:00,601211,BUY,2200,13.27,8.77,
2024-05-27 00:00:00,300498,BUY,1400,21.42,9.01,
2024-05-27 00:00:00,002311,BUY,500,51.24,7.69,
2024-05-27 00:00:00,601658,BUY,6600,4.55,9.02,
2024-05-27 00:00:00,601328,BUY,4800,6.28,9.05,
2024-05-27 00:00:00,600674,BUY,1800,16.79,9.08,
2024-05-27 00:00:00,601077,BUY,6800,4.43,9.05,
2024-06-25 00:00:00,601229,SELL,4700,6.4,39.06,0.113
2024-06-25 00:00:00,601919,SELL,2800,13.51,49.13,0.4132
2024-06-25 00:00:00,601009,SELL,3300,9.12,39.09,0.1163
2024-06-25 00:00:00,601166,SELL,1900,15.1,37.26,-0.0497
2024-06-25 00:00:00,601211,SELL,2200,13.05,37.29,-0.0166
2024-06-25 00:00:00,300498,SELL,1400,19.0,34.55,-0.113
2024-06-25 00:00:00,002311,SELL,500,44.99,29.21,-0.122
2024-06-25 00:00:00,601658,SELL,6600,4.3,36.86,-0.0549
2024-06-25 00:00:00,601328,SELL,4800,6.44,40.15,0.0255
2024-06-25 00:00:00,600674,SELL,1800,17.43,40.75,0.0381
2024-06-25 00:00:00,601077,SELL,6800,4.41,38.95,-0.0045
2024-06-25 00:00:00,002001,BUY,1500,19.17,8.64,
2024-06-25 00:00:00,601398,BUY,6000,4.9,8.83,
2024-06-25 00:00:00,601939,BUY,4500,6.46,8.73,
2024-06-25 00:00:00,601988,BUY,7300,4.04,8.86,
2024-06-25 00:00:00,601816,BUY,5800,5.0,8.71,
2024-06-25 00:00:00,600999,BUY,2100,13.42,8.46,
2024-06-25 00:00:00,600025,BUY,2800,10.37,8.72,
2024-06-25 00:00:00,601298,BUY,3400,8.49,8.67,
2024-06-25 00:00:00,601288,BUY,7400,3.94,8.76,
2024-06-25 00:00:00,003816,BUY,6800,4.3,8.78,
2024-06-25 00:00:00,601169,BUY,5700,5.1,8.73,
2024-06-25 00:00:00,600346,BUY,2100,13.6,8.58,
2024-07-23 00:00:00,002001,SELL,1500,19.43,37.85,0.0136
2024-07-23 00:00:00,600999,SELL,2100,13.95,38.05,0.0395
2024-07-23 00:00:00,600025,SELL,2800,11.66,42.4,0.1244
2024-07-23 00:00:00,601298,SELL,3400,8.58,37.89,0.0106
2024-07-23 00:00:00,003816,SELL,6800,4.83,42.65,0.1233
2024-07-23 00:00:00,601169,SELL,5700,5.26,38.94,0.0314
2024-07-23 00:00:00,600346,SELL,2100,13.17,35.92,-0.0316
2024-07-23 00:00:00,601319,BUY,6000,5.18,9.33,
2024-07-23 00:00:00,601006,BUY,4700,6.59,9.3,
2024-07-23 00:00:00,600016,BUY,9100,3.46,9.46,
2024-07-23 00:00:00,601328,BUY,4400,7.07,9.34,
2024-07-23 00:00:00,601818,BUY,10800,2.91,9.44,
2024-07-23 00:00:00,601077,BUY,6400,4.86,9.34,
2024-08-20 00:00:00,601816,SELL,5800,5.55,41.81,0.11
2024-08-20 00:00:00,601006,SELL,4700,6.52,39.8,-0.0106
2024-08-20 00:00:00,600016,SELL,9100,3.22,38.05,-0.0694
2024-08-20 00:00:00,601818,SELL,10800,3.0,42.08,0.0309
2024-08-20 00:00:00,601077,SELL,6400,4.84,40.23,-0.0041
2024-08-20 00:00:00,000001,BUY,3300,9.61,9.52,
2024-08-20 00:00:00,601618,BUY,10000,3.2,9.61,
2024-08-20 00:00:00,600919,BUY,4300,7.44,9.61,
2024-08-20 00:00:00,600999,BUY,2200,14.44,9.54,
2024-08-20 00:00:00,601018,BUY,9500,3.39,9.67,
2024-09-13 00:00:00,601618,STOP_LOSS,10000,2.52,7.55,-0.2125
2024-09-19 00:00:00,601398,SELL,6000,5.2,40.52,0.0612
2024-09-19 00:00:00,601939,SELL,4500,6.72,39.27,0.0402
2024-09-19 00:00:00,601988,SELL,7300,4.33,41.05,0.0718
2024-09-19 00:00:00,601288,SELL,7400,4.16,39.98,0.0558
2024-09-19 00:00:00,601319,SELL,6000,5.87,45.74,0.1332
2024-09-19 00:00:00,601328,SELL,4400,6.09,34.8,-0.1386
2024-09-19 00:00:00,000001,SELL,3300,9.12,39.09,-0.051
2024-09-19 00:00:00,600919,SELL,4300,6.88,38.42,-0.0753
2024-09-19 00:00:00,601018,SELL,9500,3.05,37.63,-0.1003
2024-09-19 00:00:00,601688,BUY,2300,12.6,8.7,
2024-09-19 00:00:00,600660,BUY,600,48.93,8.82,
2024-09-19 00:00:00,600415,BUY,3500,8.44,8.87,
2024-09-19 00:00:00,601377,BUY,5800,5.06,8.81,
2024-09-19 00:00:00,601628,BUY,800,34.25,8.23,
2024-09-19 00:00:00,600030,BUY,1500,18.82,8.48,
2024-09-19 00:00:00,600406,BUY,1100,24.93,8.24,
2024-09-19 00:00:00,000776,BUY,2400,11.96,8.62,
2024-09-19 00:00:00,600061,BUY,5000,5.82,8.74,
2024-09-19 00:00:00,601788,BUY,2000,14.26,8.56,
2024-09-19 00:00:00,601100,BUY,500,51.86,7.79,
2024-10-24 00:00:00,600999,SELL,2200,19.26,55.03,0.3338
2024-10-24 00:00:00,601688,SELL,2300,16.7,49.88,0.3254
2024-10-24 00:00:00,600415,SELL,3500,10.53,47.86,0.2476
2024-10-24 00:00:00,601377,SELL,5800,6.18,46.55,0.2213
2024-10-24 00:00:00,601628,SELL,800,43.37,45.06,0.2663
2024-10-24 00:00:00,600030,SELL,1500,26.55,51.72,0.4107
2024-10-24 00:00:00,600406,SELL,1100,25.68,36.69,0.0301
2024-10-24 00:00:00,000776,SELL,2400,15.52,48.37,0.2977
2024-10-24 00:00:00,600061,SELL,5000,7.38,47.92,0.268
2024-10-24 00:00:00,601788,SELL,2000,17.06,44.31,0.1964
2024-10-24 00:00:00,601100,SELL,500,55.11,35.79,0.0627
2024-10-24 00:00:00,002625,BUY,900,38.21,10.33,
2024-10-24 00:00:00,688256,BUY,100,285.14,8.56,
2024-10-24 00:00:00,600438,BUY,1400,25.15,10.57,
2024-10-24 00:00:00,601211,BUY,1900,18.41,10.5,
2024-10-24 00:00:00,002001,BUY,1500,22.74,10.24,
2024-10-24 00:00:00,603893,BUY,400,88.83,10.67,
2024-10-24 00:00:00,300803,BUY,500,67.31,10.11,
2024-10-24 00:00:00,603260,BUY,600,58.79,10.59,
2024-10-24 00:00:00,688981,BUY,300,94.56,8.52,
2024-10-24 00:00:00,601336,BUY,700,46.7,9.82,
2024-10-24 00:00:00,002459,BUY,2200,16.27,10.75,
2024-11-21 00:00:00,600660,SELL,600,53.5,41.69,0.0934
2024-11-21 00:00:00,002625,SELL,900,39.96,46.71,0.0458
2024-11-21 00:00:00,600438,SELL,1400,27.15,49.36,0.0795
2024-11-21 00:00:00,601211,SELL,1900,19.38,47.82,0.0527
2024-11-21 00:00:00,002001,SELL,1500,21.49,41.86,-0.055
2024-11-21 00:00:00,603893,SELL,400,83.33,43.29,-0.0619
2024-11-21 00:00:00,300803,SELL,500,65.55,42.56,-0.0261
2024-11-21 00:00:00,603260,SELL,600,59.49,46.36,0.0119
2024-11-21 00:00:00,688981,SELL,300,93.5,36.43,-0.0112
2024-11-21 00:00:00,601336,SELL,700,47.47,43.15,0.0165
2024-11-21 00:00:00,002459,SELL,2200,17.06,48.74,0.0486
2024-11-21 00:00:00,600875,BUY,2300,15.98,11.04,
2024-11-21 00:00:00,600958,BUY,3300,10.96,10.86,
2024-11-21 00:00:00,600415,BUY,2800,12.93,10.87,
2024-11-21 00:00:00,600115,BUY,9000,4.05,10.95,
2024-11-21 00:00:00,601360,BUY,2800,12.85,10.8,
2024-11-21 00:00:00,601607,BUY,1700,21.59,11.02,
2024-11-21 00:00:00,000963,BUY,1000,35.81,10.75,
2024-11-21 00:00:00,600016,BUY,9600,3.82,11.01,
2024-11-21 00:00:00,688111,BUY,100,312.06,9.37,
2024-11-21 00:00:00,000338,BUY,2700,13.45,10.91,
2024-11-21 00:00:00,601018,BUY,10200,3.6,11.03,
2024-12-19 00:00:00,600875,SELL,2300,14.89,44.48,-0.0682
2024-12-19 00:00:00,600958,SELL,3300,10.37,44.44,-0.0538
2024-12-19 00:00:00,600415,SELL,2800,13.96,50.76,0.0797
2024-12-19 00:00:00,600115,SELL,9000,4.08,47.69,0.0074
2024-12-19 00:00:00,601360,SELL,2800,11.43,41.56,-0.1105
2024-12-19 00:00:00,601607,SELL,1700,21.19,46.78,-0.0185
2024-12-19 00:00:00,000963,SELL,1000,35.42,46.0,-0.0109
2024-12-19 00:00:00,600016,SELL,9600,3.86,48.12,0.0105
2024-12-19 00:00:00,688111,SELL,100,308.12,40.02,-0.0126
2024-12-19 00:00:00,000338,SELL,2700,12.65,44.36,-0.0595
2024-12-19 00:00:00,601018,SELL,10200,3.6,47.69,0.0
2024-12-19 00:00:00,601988,BUY,7400,4.91,10.91,
2024-12-19 00:00:00,601288,BUY,7800,4.66,10.92,
2024-12-19 00:00:00,601939,BUY,4600,7.94,10.97,
2024-12-19 00:00:00,600660,BUY,600,56.76,10.23,
2024-12-19 00:00:00,000538,BUY,600,55.73,10.04,
2024-12-19 00:00:00,601398,BUY,6100,5.97,10.94,
2024-12-19 00:00:00,000063,BUY,900,37.07,10.02,
2024-12-19 00:00:00,000938,BUY,1300,27.5,10.74,
2024-12-19 00:00:00,000651,BUY,900,39.92,10.79,
2024-12-19 00:00:00,601006,BUY,5500,6.63,10.95,
2024-12-19 00:00:00,002049,BUY,500,67.97,10.21,
2025-01-17 00:00:00,688256,SELL,100,397.0,51.56,0.3923
2025-01-17 00:00:00,601988,SELL,7400,5.12,49.21,0.0428
2025-01-17 00:00:00,601288,SELL,7800,4.78,48.42,0.0258
2025-01-17 00:00:00,601939,SELL,4600,7.99,47.73,0.0063
2025-01-17 00:00:00,600660,SELL,600,56.42,43.96,-0.006
2025-01-17 00:00:00,000538,SELL,600,53.73,41.87,-0.0359
2025-01-17 00:00:00,601398,SELL,6100,6.22,49.28,0.0419
2025-01-17 00:00:00,000063,SELL,900,40.48,47.31,0.092
2025-01-17 00:00:00,000938,SELL,1300,25.34,42.78,-0.0785
2025-01-17 00:00:00,000651,SELL,900,42.07,49.17,0.0539
2025-01-17 00:00:00,601006,SELL,5500,6.13,43.79,-0.0754
2025-01-17 00:00:00,002049,SELL,500,60.66,39.39,-0.1075
2025-01-17 00:00:00,000408,BUY,1100,31.3,10.34,
2025-01-17 00:00:00,601058,BUY,2400,14.98,10.8,
2025-01-17 00:00:00,601229,BUY,4100,8.64,10.64,
2025-01-17 00:00:00,600036,BUY,900,38.04,10.28,
2025-01-17 00:00:00,600919,BUY,3800,9.29,10.6,
2025-01-17 00:00:00,601166,BUY,1900,18.46,10.53,
2025-01-17 00:00:00,600219,BUY,9600,3.73,10.75,
2025-01-17 00:00:00,601100,BUY,500,61.72,9.27,
2025-01-17 00:00:00,300866,BUY,300,103.25,9.3,
2025-01-17 00:00:00,002648,BUY,1800,19.71,10.65,
2025-01-17 00:00:00,002311,BUY,700,49.86,10.48,
2025-01-17 00:00:00,600989,BUY,2200,16.13,10.66,
2025-02-24 00:00:00,000408,SELL,1100,31.92,45.6,0.0198
2025-02-24 00:00:00,601058,SELL,2400,14.35,44.73,-0.0421
2025-02-24 00:00:00,601229,SELL,4100,8.65,46.06,0.0012
2025-02-24 00:00:00,600036,SELL,900,38.56,45.07,0.0137
2025-02-24 00:00:00,600919,SELL,3800,8.64,42.64,-0.07
2025-02-24 00:00:00,601166,SELL,1900,19.01,46.91,0.0298
2025-02-24 00:00:00,600219,SELL,9600,3.41,42.51,-0.0858
2025-02-24 00:00:00,601100,SELL,500,80.92,52.55,0.3111
2025-02-24 00:00:00,300866,SELL,300,115.1,44.84,0.1148
2025-02-24 00:00:00,002648,SELL,1800,20.51,47.95,0.0406
2025-02-24 00:00:00,002311,SELL,700,46.84,42.58,-0.0606
2025-02-24 00:00:00,600989,SELL,2200,14.94,42.69,-0.0738
2025-02-24 00:00:00,300999,BUY,1100,32.73,10.81,
2025-02-24 00:00:00,000708,BUY,3200,11.13,10.7,
2025-02-24 00:00:00,002371,BUY,100,345.83,10.39,
2025-02-24 00:00:00,603501,BUY,200,149.21,8.96,
2025-02-24 00:00:00,601800,BUY,3800,9.44,10.77,
2025-02-24 00:00:00,002415,BUY,1200,30.03,10.82,
2025-02-24 00:00:00,603195,BUY,600,53.12,9.57,
2025-02-24 00:00:00,002236,BUY,2100,16.9,10.66,
2025-02-24 00:00:00,600809,BUY,100,194.83,5.85,
2025-02-24 00:00:00,002594,BUY,200,123.95,7.44,
2025-02-24 00:00:00,601390,BUY,6400,5.69,10.94,
2025-02-24 00:00:00,601669,BUY,7300,4.96,10.87,
2025-03-24 00:00:00,300999,SELL,1100,31.53,45.04,-0.0367
2025-03-24 00:00:00,000708,SELL,3200,11.91,49.5,0.0701
2025-03-24 00:00:00,002371,SELL,100,317.3,41.21,-0.0825
2025-03-24 00:00:00,603501,SELL,200,135.48,35.19,-0.092
2025-03-24 00:00:00,601800,SELL,3800,9.09,44.86,-0.0371
2025-03-24 00:00:00,002415,SELL,1200,29.61,46.15,-0.014
2025-03-24 00:00:00,603195,SELL,600,50.7,39.51,-0.0456
2025-03-24 00:00:00,002236,SELL,2100,16.58,45.22,-0.0189
2025-03-24 00:00:00,600809,SELL,100,208.83,27.12,0.0719
2025-03-24 00:00:00,002594,SELL,200,123.64,32.11,-0.0025
2025-03-24 00:00:00,601390,SELL,6400,5.55,46.13,-0.0246
2025-03-24 00:00:00,601669,SELL,7300,4.77,45.22,-0.0383
2025-03-24 00:00:00,601916,BUY,12600,2.82,10.67,
2025-03-24 00:00:00,000630,BUY,10200,3.47,10.63,
2025-03-24 00:00:00,601328,BUY,5000,7.1,10.66,
2025-03-24 00:00:00,601919,BUY,2700,13.16,10.67,
2025-03-24 00:00:00,600926,BUY,2500,14.19,10.65,
2025-03-24 00:00:00,600362,BUY,1500,22.41,10.09,
2025-03-24 00:00:00,600039,BUY,4500,7.74,10.46,
2025-03-24 00:00:00,000651,BUY,800,41.14,9.88,
2025-03-24 00:00:00,601808,BUY,2300,15.16,10.47,
2025-03-24 00:00:00,601009,BUY,3500,9.88,10.38,
2025-03-24 00:00:00,600011,BUY,5300,6.67,10.62,
2025-04-22 00:00:00,601916,SELL,12600,2.89,47.29,0.0248
2025-04-22 00:00:00,000630,SELL,10200,3.06,40.54,-0.1182
2025-04-22 00:00:00,601328,SELL,5000,7.4,48.05,0.0423
2025-04-22 00:00:00,601919,SELL,2700,12.77,44.78,-0.0296
2025-04-22 00:00:00,600926,SELL,2500,13.93,45.23,-0.0183
2025-04-22 00:00:00,600362,SELL,1500,21.34,41.57,-0.0477
2025-04-22 00:00:00,600039,SELL,4500,8.12,47.45,0.0491
2025-04-22 00:00:00,000651,SELL,800,41.66,43.28,0.0126
2025-04-22 00:00:00,601808,SELL,2300,13.11,39.16,-0.1352
2025-04-22 00:00:00,601009,SELL,3500,9.99,45.41,0.0111
2025-04-22 00:00:00,600011,SELL,5300,6.8,46.81,0.0195
2025-04-22 00:00:00,601398,BUY,5100,6.72,10.29,
2025-04-22 00:00:00,000538,BUY,600,54.28,9.78,
2025-04-22 00:00:00,601288,BUY,6600,5.21,10.33,
2025-04-22 00:00:00,600547,BUY,1000,33.63,10.1,
2025-04-22 00:00:00,601229,BUY,3500,9.95,10.46,
2025-04-22 00:00:00,600025,BUY,3800,9.16,10.45,
2025-04-22 00:00:00,601988,BUY,6300,5.5,10.41,
2025-04-22 00:00:00,601939,BUY,3900,8.8,10.31,
2025-04-22 00:00:00,600674,BUY,2100,16.41,10.35,
2025-04-22 00:00:00,600809,BUY,100,213.48,6.41,
2025-04-22 00:00:00,600377,BUY,2200,15.35,10.14,
2025-04-22 00:00:00,600436,BUY,100,202.85,6.09,
2025-05-23 00:00:00,601398,SELL,5100,6.66,44.11,-0.0089
2025-05-23 00:00:00,000538,SELL,600,53.97,42.05,-0.0057
2025-05-23 00:00:00,601288,SELL,6600,5.24,44.91,0.0058
2025-05-23 00:00:00,600547,SELL,1000,30.53,39.65,-0.0922
2025-05-23 00:00:00,601229,SELL,3500,10.39,47.23,0.0442
2025-05-23 00:00:00,601988,SELL,6300,5.46,44.67,-0.0073
2025-05-23 00:00:00,601939,SELL,3900,8.9,45.08,0.0114
2025-05-23 00:00:00,600674,SELL,2100,16.8,45.82,0.0238
2025-05-23 00:00:00,600809,SELL,100,188.07,24.42,-0.119
2025-05-23 00:00:00,600377,SELL,2200,15.32,43.77,-0.002
2025-05-23 00:00:00,600436,SELL,100,202.15,26.25,-0.0035
2025-05-23 00:00:00,000333,BUY,400,74.78,8.98,
2025-05-23 00:00:00,000625,BUY,2700,12.47,10.11,
2025-05-23 00:00:00,600660,BUY,500,58.33,8.76,
2025-05-23 00:00:00,000001,BUY,3100,10.88,10.13,
2025-05-23 00:00:00,601009,BUY,3300,10.34,10.25,
2025-05-23 00:00:00,601077,BUY,4800,7.21,10.39,
2025-05-23 00:00:00,300750,BUY,100,261.92,7.87,
2025-05-23 00:00:00,601916,BUY,11500,3.0,10.36,
2025-05-23 00:00:00,601127,BUY,200,145.59,8.74,
2025-05-23 00:00:00,603195,BUY,600,50.59,9.12,
2025-06-23 00:00:00,600025,SELL,3800,9.76,48.17,0.0655
2025-06-23 00:00:00,000333,SELL,400,71.27,37.02,-0.0469
2025-06-23 00:00:00,000625,SELL,2700,12.11,42.46,-0.0289
2025-06-23 00:00:00,600660,SELL,500,54.93,35.67,-0.0583
2025-06-23 00:00:00,601009,SELL,3300,11.53,49.41,0.1151
2025-06-23 00:00:00,601077,SELL,4800,7.15,44.57,-0.0083
2025-06-23 00:00:00,300750,SELL,100,235.06,30.53,-0.1026
2025-06-23 00:00:00,601127,SELL,200,132.09,34.31,-0.0927
2025-06-23 00:00:00,603195,SELL,600,47.28,36.84,-0.0654
2025-06-23 00:00:00,601328,BUY,4300,7.89,10.19,
2025-06-23 00:00:00,601398,BUY,4800,7.07,10.19,
2025-06-23 00:00:00,601288,BUY,6200,5.57,10.37,
2025-06-23 00:00:00,600036,BUY,700,43.21,9.08,
2025-06-23 00:00:00,601857,BUY,4000,8.61,10.34,
2025-06-23 00:00:00,600919,BUY,3000,11.36,10.23,
2025-06-23 00:00:00,600039,BUY,3600,9.42,10.18,
2025-06-23 00:00:00,600015,BUY,4300,7.9,10.2,
2025-06-23 00:00:00,601939,BUY,3700,9.26,10.29,
2025-06-23 00:00:00,601818,BUY,8500,4.02,10.26,
2025-07-21 00:00:00,000001,SELL,3100,12.35,49.72,0.1351
2025-07-21 00:00:00,601916,SELL,11500,3.55,53.02,0.1833
2025-07-21 00:00:00,601328,SELL,4300,7.83,43.73,-0.0076
2025-07-21 00:00:00,601398,SELL,4800,7.39,46.07,0.0453
2025-07-21 00:00:00,601288,SELL,6200,5.98,48.15,0.0736
2025-07-21 00:00:00,600036,SELL,700,43.72,39.75,0.0118
2025-07-21 00:00:00,601857,SELL,4000,8.7,45.19,0.0105
2025-07-21 00:00:00,600919,SELL,3000,11.33,44.14,-0.0026
2025-07-21 00:00:00,600039,SELL,3600,8.92,41.7,-0.0531
2025-07-21 00:00:00,600015,SELL,4300,8.14,45.46,0.0304
2025-07-21 00:00:00,601939,SELL,3700,9.38,45.07,0.013
2025-07-21 00:00:00,601818,SELL,8500,4.05,44.71,0.0075
2025-07-21 00:00:00,601186,BUY,4100,8.36,10.29,
2025-07-21 00:00:00,601390,BUY,6000,5.8,10.45,
2025-07-21 00:00:00,601800,BUY,3700,9.26,10.29,
2025-07-21 00:00:00,600406,BUY,1500,22.78,10.26,
2025-07-21 00:00:00,000157,BUY,4800,7.31,10.54,
2025-07-21 00:00:00,600089,BUY,2600,13.13,10.25,
2025-07-21 00:00:00,600515,BUY,9000,3.9,10.54,
2025-07-21 00:00:00,300502,BUY,100,178.26,5.35,
2025-07-21 00:00:00,601618,BUY,11100,3.14,10.47,
2025-07-21 00:00:00,601668,BUY,5900,5.87,10.4,
2025-07-21 00:00:00,002714,BUY,700,46.01,9.67,
2025-07-21 00:00:00,300308,BUY,100,187.54,5.63,
2025-08-18 00:00:00,601186,SELL,4100,8.11,43.18,-0.0299
2025-08-18 00:00:00,601390,SELL,6000,5.58,43.48,-0.0379
2025-08-18 00:00:00,601800,SELL,3700,9.13,43.87,-0.014
2025-08-18 00:00:00,600406,SELL,1500,21.65,42.18,-0.0496
2025-08-18 00:00:00,000157,SELL,4800,7.32,45.63,0.0014
2025-08-18 00:00:00,600089,SELL,2600,13.6,45.92,0.0358
2025-08-18 00:00:00,600515,SELL,9000,3.92,45.82,0.0051
2025-08-18 00:00:00,601618,SELL,11100,3.2,46.13,0.0191
2025-08-18 00:00:00,601668,SELL,5900,5.54,42.45,-0.0562
2025-08-18 00:00:00,002714,SELL,700,45.04,40.95,-0.0211
2025-08-18 00:00:00,002236,BUY,2000,17.65,10.6,
2025-08-18 00:00:00,600160,BUY,1100,31.06,10.26,
2025-08-18 00:00:00,300476,BUY,100,229.78,6.9,
2025-08-18 00:00:00,600050,BUY,6600,5.41,10.72,
2025-08-18 00:00:00,601138,BUY,800,44.22,10.62,
2025-08-18 00:00:00,601633,BUY,1400,25.0,10.51,
2025-08-18 00:00:00,601066,BUY,1300,27.46,10.72,
2025-08-18 00:00:00,000063,BUY,900,38.31,10.35,
2025-08-18 00:00:00,601288,BUY,5300,6.69,10.65,
2025-09-15 00:00:00,300502,SELL,100,350.3,45.49,0.9651
2025-09-15 00:00:00,300308,SELL,100,407.12,52.87,1.1708
2025-09-15 00:00:00,002236,SELL,2000,17.84,46.34,0.0108
2025-09-15 00:00:00,600160,SELL,1100,36.64,52.34,0.1797
2025-09-15 00:00:00,300476,SELL,100,327.57,42.54,0.4256
2025-09-15 00:00:00,600050,SELL,6600,5.47,46.89,0.0111
2025-09-15 00:00:00,601138,SELL,800,59.57,61.89,0.3471
2025-09-15 00:00:00,601633,SELL,1400,25.09,45.62,0.0036
2025-09-15 00:00:00,601066,SELL,1300,26.27,44.35,-0.0433
2025-09-15 00:00:00,000063,SELL,900,43.06,50.33,0.124
2025-09-15 00:00:00,601288,SELL,5300,6.91,47.56,0.0329
2025-09-15 00:00:00,600188,BUY,3000,13.21,11.9,
2025-09-15 00:00:00,601872,BUY,4500,8.9,12.03,
2025-09-15 00:00:00,300498,BUY,2000,19.73,11.85,
2025-09-15 00:00:00,002601,BUY,2000,19.51,11.72,
2025-09-15 00:00:00,002311,BUY,600,67.13,12.1,
2025-09-15 00:00:00,300750,BUY,100,349.23,10.49,
2025-09-15 00:00:00,002714,BUY,700,57.13,12.01,
2025-09-15 00:00:00,002920,BUY,300,126.13,11.36,
2025-09-15 00:00:00,001979,BUY,4100,9.7,11.94,
2025-09-15 00:00:00,688981,BUY,300,108.66,9.79,
2025-09-15 00:00:00,300661,BUY,400,87.23,10.48,
2025-10-21 00:00:00,601872,SELL,4500,8.67,50.67,-0.0258
2025-10-21 00:00:00,300498,SELL,2000,18.0,46.75,-0.0877
2025-10-21 00:00:00,002601,SELL,2000,19.4,50.39,-0.0056
2025-10-21 00:00:00,002311,SELL,600,59.02,45.99,-0.1208
2025-10-21 00:00:00,300750,SELL,100,370.1,48.06,0.0598
2025-10-21 00:00:00,002714,SELL,700,48.92,44.47,-0.1437
2025-10-21 00:00:00,002920,SELL,300,124.16,48.37,-0.0156
2025-10-21 00:00:00,001979,SELL,4100,10.03,53.41,0.034
2025-10-21 00:00:00,688981,SELL,300,127.19,49.55,0.1705
2025-10-21 00:00:00,300661,SELL,400,73.71,38.29,-0.155
2025-10-21 00:00:00,601808,BUY,2800,14.0,11.77,
2025-10-21 00:00:00,601088,BUY,900,40.86,11.04,
2025-10-21 00:00:00,600515,BUY,8200,4.83,11.89,
2025-10-21 00:00:00,600025,BUY,3900,10.0,11.71,
2025-10-21 00:00:00,601628,BUY,900,43.99,11.89,
2025-10-21 00:00:00,002028,BUY,300,122.85,11.07,
2025-10-21 00:00:00,601857,BUY,4500,8.76,11.84,
2025-10-21 00:00:00,601288,BUY,5200,7.61,11.88,
2025-10-21 00:00:00,601898,BUY,3000,13.11,11.81,
2025-10-21 00:00:00,003816,BUY,9800,4.02,11.83,
2025-10-21 00:00:00,601225,BUY,1700,22.52,11.5,
2025-11-18 00:00:00,600188,SELL,3000,14.39,56.06,0.0893
2025-11-18 00:00:00,601808,SELL,2800,14.59,53.05,0.0421
2025-11-18 00:00:00,601088,SELL,900,41.91,48.99,0.0257
2025-11-18 00:00:00,600515,SELL,8200,5.25,55.91,0.087
2025-11-18 00:00:00,600025,SELL,3900,9.44,47.81,-0.056
2025-11-18 00:00:00,601628,SELL,900,43.02,50.28,-0.0221
2025-11-18 00:00:00,002028,SELL,300,142.84,55.65,0.1627
2025-11-18 00:00:00,601288,SELL,5200,7.91,53.42,0.0394
2025-11-18 00:00:00,601898,SELL,3000,14.34,55.87,0.0938
2025-11-18 00:00:00,003816,SELL,9800,3.91,49.76,-0.0274
2025-11-18 00:00:00,601225,SELL,1700,23.53,51.95,0.0448
2025-11-18 00:00:00,600887,BUY,1400,29.03,12.2,
2025-11-18 00:00:00,000895,BUY,1500,26.4,11.89,
2025-11-18 00:00:00,600028,BUY,7000,5.8,12.19,
2025-11-18 00:00:00,600803,BUY,2000,20.49,12.31,
2025-11-18 00:00:00,601988,BUY,7200,5.67,12.26,
2025-11-18 00:00:00,600029,BUY,5600,7.3,12.28,
2025-11-18 00:00:00,600845,BUY,1800,22.78,12.31,
2025-11-18 00:00:00,600009,BUY,1200,33.14,11.94,
2025-11-18 00:00:00,601398,BUY,5200,7.87,12.29,
2025-12-16 00:00:00,601857,SELL,4500,9.56,55.87,0.0913
2025-12-16 00:00:00,000895,SELL,1500,26.11,50.86,-0.011
2025-12-16 00:00:00,600028,SELL,7000,5.82,52.91,0.0034
2025-12-16 00:00:00,600803,SELL,2000,22.51,58.47,0.0986
2025-12-16 00:00:00,601988,SELL,7200,5.59,52.27,-0.0141
2025-12-16 00:00:00,600029,SELL,5600,7.05,51.27,-0.0342
2025-12-16 00:00:00,600845,SELL,1800,19.84,46.38,-0.1291
2025-12-16 00:00:00,600009,SELL,1200,30.73,47.89,-0.0727
2025-12-16 00:00:00,601398,SELL,5200,7.61,51.39,-0.033
2025-12-16 00:00:00,601066,BUY,1500,26.67,12.01,
2025-12-16 00:00:00,000625,BUY,3300,12.06,11.95,
2025-12-16 00:00:00,000651,BUY,1000,39.85,11.97,
2025-12-16 00:00:00,300782,BUY,500,73.42,11.02,
2025-12-16 00:00:00,688009,BUY,7400,5.42,12.04,
2025-12-16 00:00:00,600372,BUY,3100,12.83,11.94,
2025-12-16 00:00:00,000538,BUY,700,54.27,11.41,
2025-12-16 00:00:00,601698,BUY,1600,24.38,11.71,
2025-12-16 00:00:00,601318,BUY,500,67.0,10.06,
2025-12-16 00:00:00,600066,BUY,1200,31.44,11.33,
2025-12-16 00:00:00,600025,BUY,4200,9.42,11.88,
2026-01-15 00:00:00,600887,SELL,1400,27.22,49.49,-0.0623
2026-01-15 00:00:00,601066,SELL,1500,25.28,49.25,-0.0521
2026-01-15 00:00:00,000625,SELL,3300,11.72,50.23,-0.0282
2026-01-15 00:00:00,000651,SELL,1000,39.14,50.83,-0.0178
2026-01-15 00:00:00,300782,SELL,500,80.0,51.95,0.0896
2026-01-15 00:00:00,688009,SELL,7400,5.39,51.8,-0.0055
2026-01-15 00:00:00,600372,SELL,3100,14.76,59.42,0.1504
2026-01-15 00:00:00,000538,SELL,700,54.79,49.81,0.0096
2026-01-15 00:00:00,601698,SELL,1600,39.28,81.62,0.6112
2026-01-15 00:00:00,601318,SELL,500,67.41,43.77,0.0061
2026-01-15 00:00:00,600066,SELL,1200,29.57,46.08,-0.0595
2026-01-15 00:00:00,600025,SELL,4200,9.16,49.96,-0.0276
2026-01-15 00:00:00,688012,BUY,100,371.0,11.14,
2026-01-15 00:00:00,002352,BUY,1000,38.73,11.63,
2026-01-15 00:00:00,603993,BUY,1700,23.71,12.1,
2026-01-15 00:00:00,000338,BUY,2000,20.2,12.13,
2026-01-15 00:00:00,600362,BUY,600,62.0,11.17,
2026-01-15 00:00:00,600219,BUY,7200,5.78,12.5,
2026-01-15 00:00:00,002230,BUY,600,63.39,11.42,
2026-01-15 00:00:00,600233,BUY,2400,17.05,12.29,
2026-01-15 00:00:00,600176,BUY,2300,18.25,12.61,
2026-01-15 00:00:00,601899,BUY,1100,38.25,12.64,
2026-01-15 00:00:00,600426,BUY,1200,34.25,12.34,
2026-02-12 00:00:00,688012,SELL,100,345.0,44.81,-0.0701
2026-02-12 00:00:00,002352,SELL,1000,37.73,49.0,-0.0258
2026-02-12 00:00:00,603993,SELL,1700,22.84,50.43,-0.0367
2026-02-12 00:00:00,000338,SELL,2000,28.07,72.91,0.3896
2026-02-12 00:00:00,600362,SELL,600,56.59,44.1,-0.0873
2026-02-12 00:00:00,600219,SELL,7200,6.73,62.93,0.1644
2026-02-12 00:00:00,002230,SELL,600,57.8,45.04,-0.0882
2026-02-12 00:00:00,600233,SELL,2400,18.09,56.38,0.061
2026-02-12 00:00:00,601899,SELL,1100,39.75,56.79,0.0392
2026-02-12 00:00:00,600426,SELL,1200,36.49,56.87,0.0654
2026-02-12 00:00:00,600023,BUY,9000,5.01,13.54,
2026-02-12 00:00:00,601018,BUY,11200,4.03,13.55,
2026-02-12 00:00:00,601009,BUY,3900,11.33,13.27,
2026-02-12 00:00:00,601818,BUY,13600,3.3,13.48,
2026-02-12 00:00:00,000895,BUY,1700,25.79,13.17,
2026-02-12 00:00:00,600016,BUY,11400,3.94,13.49,
2026-02-12 00:00:00,300394,BUY,100,330.0,9.91,
2026-02-12 00:00:00,600406,BUY,1700,26.5,13.53,
2026-02-12 00:00:00,300750,BUY,100,370.07,11.11,
2026-02-12 00:00:00,600026,BUY,2400,18.73,13.5,
2026-03-20 00:00:00,600176,SELL,2300,22.55,67.36,0.2356
2026-03-20 00:00:00,600023,SELL,9000,5.43,63.47,0.0838
2026-03-20 00:00:00,601018,SELL,11200,4.03,58.62,0.0
2026-03-20 00:00:00,601009,SELL,3900,11.37,57.59,0.0035
2026-03-20 00:00:00,601818,SELL,13600,3.28,57.93,-0.0061
2026-03-20 00:00:00,600016,SELL,11400,3.83,56.7,-0.0279
2026-03-20 00:00:00,300394,SELL,100,312.0,40.52,-0.0545
2026-03-20 00:00:00,600406,SELL,1700,27.4,60.49,0.034
2026-03-20 00:00:00,300750,SELL,100,406.63,52.81,0.0988
2026-03-20 00:00:00,600026,SELL,2400,23.46,73.12,0.2525
2026-03-20 00:00:00,000538,BUY,800,55.1,13.24,
2026-03-20 00:00:00,000999,BUY,1500,29.62,13.34,
2026-03-20 00:00:00,601939,BUY,4800,9.38,13.52,
2026-03-20 00:00:00,601916,BUY,14800,3.09,13.73,
2026-03-20 00:00:00,600919,BUY,4200,10.87,13.71,
2026-03-20 00:00:00,601998,BUY,5700,7.97,13.64,
2026-03-20 00:00:00,600015,BUY,6300,7.18,13.58,
2026-03-20 00:00:00,601988,BUY,8300,5.51,13.73,
2026-03-20 00:00:00,601398,BUY,6200,7.33,13.65,
2026-03-20 00:00:00,601328,BUY,6600,6.91,13.7,
2026-03-20 00:00:00,601633,BUY,2100,21.29,13.43,
2026-04-20 00:00:00,000895,SELL,1700,27.54,60.8,0.0679
2026-04-20 00:00:00,000538,SELL,800,53.41,55.49,-0.0307
2026-04-20 00:00:00,000999,SELL,1500,27.54,53.65,-0.0702
2026-04-20 00:00:00,601916,SELL,14800,3.0,57.66,-0.0291
2026-04-20 00:00:00,601998,SELL,5700,8.31,61.52,0.0427
2026-04-20 00:00:00,600015,SELL,6300,7.2,58.91,0.0028
2026-04-20 00:00:00,601398,SELL,6200,7.4,59.58,0.0095
2026-04-20 00:00:00,601328,SELL,6600,7.05,60.43,0.0203
2026-04-20 00:00:00,601633,SELL,2100,20.7,56.45,-0.0277
2026-04-20 00:00:00,002415,BUY,1300,33.73,13.17,
2026-04-20 00:00:00,002142,BUY,1400,32.42,13.63,
2026-04-20 00:00:00,600660,BUY,700,58.95,12.39,
2026-04-20 00:00:00,601658,BUY,8800,5.18,13.69,
2026-04-20 00:00:00,600176,BUY,1400,31.56,13.27,
2026-04-20 00:00:00,002384,BUY,200,157.0,9.43,
2026-04-20 00:00:00,000725,BUY,10900,4.19,13.72,
2026-05-21 00:00:00,002415,SELL,1300,31.63,53.4,-0.0623
2026-05-21 00:00:00,002142,SELL,1400,31.53,57.33,-0.0275
2026-05-21 00:00:00,600660,SELL,700,54.34,49.4,-0.0782
2026-05-21 00:00:00,601658,SELL,8800,4.92,56.23,-0.0502
2026-05-21 00:00:00,600176,SELL,1400,35.36,64.29,0.1204
2026-05-21 00:00:00,002384,SELL,200,206.97,53.76,0.3183
2026-05-21 00:00:00,000725,SELL,10900,4.69,66.39,0.1193
2026-05-21 00:00:00,600999,BUY,2600,17.43,13.61,
2026-05-21 00:00:00,000100,BUY,10700,4.37,14.04,
2026-05-21 00:00:00,601916,BUY,15700,2.98,14.05,
2026-05-21 00:00:00,601066,BUY,2000,22.67,13.62,
2026-05-21 00:00:00,600018,BUY,9200,5.09,14.06,
2026-05-21 00:00:00,601919,BUY,3100,14.67,13.66,
2026-05-21 00:00:00,000333,BUY,500,81.5,12.24,
